NOC,Sport,AverageGold,AverageSilver,AverageBronze,AverageNoMedal
AFG,Athletics,0.0,0.0,0.0,0.29409886606013635
AHO,Athletics,0.0,0.0,0.0,0.055888854885739095
AHO,Judo,0.0,0.0,0.0,0.0257452017537047
AHO,Sailing,0.0,0.0,0.0,0.012259619882716502
AHO,Shooting,0.0,0.0,0.0,0.0187647243102804
AHO,Swimming,0.0,0.0,0.0,0.06879147932148791
ALB,Athletics,0.0,0.0,0.0,0.14084015359250707
ALB,Cycling,0.0,0.0,0.0,0.0257452017537047
ALB,Shooting,0.0,0.0,0.0,0.15243395565421114
ALB,Swimming,0.0,0.0,0.0,0.18035254227925457
ALB,Weightlifting,0.0,0.0,0.0,0.14233695278770597
ALB,Wrestling,0.0,0.0,0.0,0.18186512894025955
ALG,Athletics,0.0,0.0,0.0,0.40049552170046043
ALG,Boxing,0.0,0.0,0.0,0.2444958177423171
ALG,Fencing,0.0,0.0,0.0,0.20824224053536353
ALG,Handball,0.0,0.0,0.0,0.025745201753704712
ALG,Judo,0.0,0.0,0.0,0.2694245065352452
ALG,Rowing,0.0,0.0,0.0,0.2668312691714562
ALG,Swimming,0.0,0.0,0.0,0.1595728572440953
ALG,Volleyball,0.0,0.0,0.0,0.09114294664993337
ALG,Weightlifting,0.0,0.0,0.0,0.14447491285469774
ALG,Wrestling,0.0,0.0,0.0,0.26655811839445454
AND,Athletics,0.0,0.0,0.0,0.16582462012278784
AND,Cycling,0.0,0.0,0.0,0.0
AND,Judo,0.0,0.0,0.0,0.18917314109052252
AND,Sailing,0.0,0.0,0.0,0.01287260087685235
AND,Shooting,0.0,0.0,0.0,0.2308891083384711
AND,Swimming,0.0,0.0,0.0,0.13577648074377746
ANG,Athletics,0.0,0.0,0.0,0.14298551833672857
ANG,Basketball,0.0,0.0,0.0,0.11224075168279198
ANG,Boxing,0.0,0.0,0.0,0.0
ANG,Handball,0.0,0.0,0.0,0.25499396924270296
ANG,Judo,0.0,0.0,0.0,0.05216519670401434
ANG,Sailing,0.0,0.0,0.0,0.36200834237908724
ANG,Shooting,0.0,0.0,0.0,0.0367788596481495
ANG,Swimming,0.0,0.0,0.0,0.13609630948719673
ANT,Athletics,0.0,0.0,0.0,0.14290521396770364
ANT,Canoeing,0.0,0.0,0.0,0.0257452017537047
ANT,Cycling,0.0,0.0,0.0,0.0
ANT,Sailing,0.0,0.0,0.0,0.0
ARG,Athletics,0.0,0.0,0.0,0.19980982486148488
ARG,Basketball,0.0,0.0,0.0,0.24737694710430702
ARG,Beach Volleyball,0.0,0.0,0.0,0.11141986858903351
ARG,Boxing,0.0,0.0,0.0,0.1917539608519114
ARG,Canoeing,0.0,0.0,0.0,0.20833520707038186
ARG,Cycling,0.0,0.0,0.0,0.3120013662878747
ARG,Diving,0.0,0.0,0.0,0.01838942982407475
ARG,Equestrian,0.0,0.0,0.0,0.6619409947597229
ARG,Fencing,0.0,0.0,0.0,0.06995022644762859
ARG,Football,0.0,0.0,0.0,0.20793786540080292
ARG,Gymnastics,0.0,0.0,0.0,0.2597435895572937
ARG,Hockey,0.0,0.0,0.0,0.2350063273514539
ARG,Judo,0.0,0.0,0.0,0.10890582694036134
ARG,Rowing,0.0,0.0,0.0,0.11151194521292801
ARG,Sailing,0.0,0.0,0.0,0.2311288168251526
ARG,Shooting,0.0,0.0,0.0,0.19564580023383676
ARG,Swimming,0.0,0.0,0.0,0.23166298713947228
ARG,Table Tennis,0.0,0.0,0.0,0.15242164308327683
ARG,Tennis,0.0,0.0,0.0,0.4179493513711357
ARG,Volleyball,0.0,0.0,0.0,0.2070878132295549
ARG,Weightlifting,0.0,0.0,0.0,0.13653610429399074
ARG,Wrestling,0.0,0.0,0.0,0.03324304945311245
ARM,Athletics,0.0,0.0,0.0,0.3617035880802437
ARM,Boxing,0.0,0.0,0.0,0.29856919912374436
ARM,Cycling,0.0,0.0,0.0,0.0257452017537047
ARM,Diving,0.0,0.0,0.0,0.0257452017537047
ARM,Gymnastics,0.0,0.0,0.0,0.3256924678504992
ARM,Judo,0.0,0.0,0.0,0.06629577098822065
ARM,Shooting,0.0,0.0,0.0,0.14683497903795073
ARM,Swimming,0.0,0.0,0.0,0.1388991587307166
ARM,Tennis,0.0,0.0,0.0,0.0257452017537047
ARM,Weightlifting,0.0,0.0,0.0,0.39848654716619025
ARM,Wrestling,0.0,0.0,0.0,0.29103261761452837
ARU,Athletics,0.0,0.0,0.0,0.03036882982375776
ARU,Cycling,0.0,0.0,0.0,0.0
ARU,Sailing,0.0,0.0,0.0,0.12066944745969574
ARU,Weightlifting,0.0,0.0,0.0,0.0618378086270783
ASA,Athletics,0.0,0.0,0.0,0.2556949685588141
ASA,Boxing,0.0,0.0,0.0,0.0
ASA,Sailing,0.0,0.0,0.0,0.0257452017537047
ASA,Weightlifting,0.0,0.0,0.0,0.17316683125385335
ASA,Wrestling,0.0,0.0,0.0,0.0257452017537047
AUS,Archery,0.0,0.0,0.0,0.5927382735965747
AUS,Athletics,0.0,0.0,0.0,0.5660167961447783
AUS,Badminton,0.0,0.0,0.0,0.42943149651026374
AUS,Baseball,0.0,0.0,0.0,2.0885138157342085
AUS,Basketball,0.0,0.0,0.0,0.16068484821575316
AUS,Beach Volleyball,0.0,0.0,0.0,0.19860643606879066
AUS,Boxing,0.0,0.0,0.0,0.1773103892486271
AUS,Canoeing,0.0,0.0,0.0,0.26212853696413574
AUS,Cycling,0.0,0.0,0.0,0.7262685554796688
AUS,Diving,0.0,0.0,0.0,0.5551104407088175
AUS,Equestrian,0.0,0.0,0.0,0.7287982810837977
AUS,Fencing,0.0,0.0,0.0,0.04338404260536828
AUS,Football,0.0,0.0,0.0,0.16933388348597692
AUS,Gymnastics,0.0,0.0,0.0,0.5579390589701778
AUS,Hockey,0.0,0.0,0.0,0.18136050068235918
AUS,Judo,0.0,0.0,0.0,0.39188075706131476
AUS,Modern Pentathlon,0.0,0.0,0.0,0.27461635861116607
AUS,Rowing,0.0,0.0,0.0,0.21732903525093256
AUS,Sailing,0.0,0.0,0.0,0.26571844210133877
AUS,Shooting,0.0,0.0,0.0,0.36828760662649024
AUS,Softball,0.0,0.0,0.0,1.8634781134429792
AUS,Swimming,0.0,0.0,0.0,0.6291176574765122
AUS,Synchronized Swimming,0.0,0.0,0.0,0.5412691630884919
AUS,Table Tennis,0.0,0.0,0.0,0.5294802960302484
AUS,Tennis,0.0,0.0,0.0,0.5204598266901582
AUS,Water Polo,0.0,0.0,0.0,0.13905467100686375
AUS,Weightlifting,0.0,0.0,0.0,0.11158645182340618
AUS,Wrestling,0.0,0.0,0.0,0.27321885635431137
AUT,Athletics,0.0,0.0,0.0,0.13266321743169956
AUT,Badminton,0.0,0.0,0.0,0.4334409038934407
AUT,Canoeing,0.0,0.0,0.0,0.11687853652986117
AUT,Cycling,0.0,0.0,0.0,0.380180698496097
AUT,Diving,0.0,0.0,0.0,0.09612456804180368
AUT,Equestrian,0.0,0.0,0.0,0.3047205058563502
AUT,Fencing,0.0,0.0,0.0,0.17825463342308417
AUT,Gymnastics,0.0,0.0,0.0,0.3557700827690879
AUT,Handball,0.0,0.0,0.0,0.03677885964814958
AUT,Judo,0.0,0.0,0.0,0.2243999915706451
AUT,Rowing,0.0,0.0,0.0,0.1149410340669097
AUT,Sailing,0.0,0.0,0.0,0.06674191528052724
AUT,Shooting,0.0,0.0,0.0,0.45580077045537093
AUT,Swimming,0.0,0.0,0.0,0.15061107678791208
AUT,Synchronized Swimming,0.0,0.0,0.0,0.3660098162844864
AUT,Table Tennis,0.0,0.0,0.0,0.21863637901466065
AUT,Tennis,0.0,0.0,0.0,0.20535983879994488
AUT,Wrestling,0.0,0.0,0.0,0.04246189043926306
AZE,Athletics,0.0,0.0,0.0,0.20406012036304133
AZE,Boxing,0.0,0.0,0.0,0.2982150566768825
AZE,Diving,0.0,0.0,0.0,0.0257452017537047
AZE,Fencing,0.0,0.0,0.0,0.04432406593748326
AZE,Judo,0.0,0.0,0.0,0.305905368163974
AZE,Shooting,0.0,0.0,0.0,0.13979831978937407
AZE,Swimming,0.0,0.0,0.0,0.20517055276327278
AZE,Weightlifting,0.0,0.0,0.0,0.128259571335668
AZE,Wrestling,0.0,0.0,0.0,0.36539823208460853
BAH,Athletics,0.0,0.0,0.0,0.5399484699178149
BAH,Sailing,0.0,0.0,0.0,0.0257452017537047
BAH,Swimming,0.0,0.0,0.0,0.17883008169358364
BAH,Tennis,0.0,0.0,0.0,0.07836148871973095
BAN,Athletics,0.0,0.0,0.0,0.24428047060871927
BAN,Shooting,0.0,0.0,0.0,0.31252310714411236
BAN,Swimming,0.0,0.0,0.0,0.17947208950050555
BAR,Athletics,0.0,0.0,0.0,0.21724727724788107
BAR,Boxing,0.0,0.0,0.0,0.017653852631111782
BAR,Cycling,0.0,0.0,0.0,0.02627061403439255
BAR,Gymnastics,0.0,0.0,0.0,0.0257452017537047
BAR,Judo,0.0,0.0,0.0,0.09275671294061744
BAR,Sailing,0.0,0.0,0.0,0.025201024748706575
BAR,Shooting,0.0,0.0,0.0,0.0
BAR,Swimming,0.0,0.0,0.0,0.13785289446836535
BDI,Athletics,0.0,0.0,0.0,0.3566446396261294
BEL,Archery,0.0,0.0,0.0,0.32006304847331407
BEL,Athletics,0.0,0.0,0.0,0.45400621885376136
BEL,Badminton,0.0,0.0,0.0,0.14096200015623878
BEL,Boxing,0.0,0.0,0.0,0.0
BEL,Canoeing,0.0,0.0,0.0,0.08953563325694697
BEL,Cycling,0.0,0.0,0.0,0.734181110714478
BEL,Diving,0.0,0.0,0.0,0.0
BEL,Equestrian,0.0,0.0,0.0,0.5391929854691422
BEL,Gymnastics,0.0,0.0,0.0,0.5348799979434568
BEL,Judo,0.0,0.0,0.0,0.1259750180363223
BEL,Rowing,0.0,0.0,0.0,0.115862780093834
BEL,Sailing,0.0,0.0,0.0,0.11377350115252298
BEL,Shooting,0.0,0.0,0.0,0.07888606631797136
BEL,Swimming,0.0,0.0,0.0,0.21887895704090551
BEL,Table Tennis,0.0,0.0,0.0,0.2169918331574451
BEL,Tennis,0.0,0.0,0.0,0.25717079936963827
BEL,Wrestling,0.0,0.0,0.0,0.0
BEN,Athletics,0.0,0.0,0.0,0.11407454507494377
BEN,Cycling,0.0,0.0,0.0,0.0
BER,Athletics,0.0,0.0,0.0,0.11701118122162316
BER,Cycling,0.0,0.0,0.0,0.0257452017537047
BER,Equestrian,0.0,0.0,0.0,0.05479299498601873
BER,Sailing,0.0,0.0,0.0,0.12692185359988115
BER,Swimming,0.0,0.0,0.0,0.1528792580700385
BHU,Archery,0.0,0.0,0.0,0.20221892815471673
BIH,Athletics,0.0,0.0,0.0,0.14516519680181822
BIH,Canoeing,0.0,0.0,0.0,0.0391432149112449
BIH,Judo,0.0,0.0,0.0,0.14728966794691906
BIH,Shooting,0.0,0.0,0.0,0.10248024317253461
BIH,Swimming,0.0,0.0,0.0,0.15783620891641134
BIH,Table Tennis,0.0,0.0,0.0,0.0782864298224898
BIH,Weightlifting,0.0,0.0,0.0,0.0
BIH,Wrestling,0.0,0.0,0.0,0.0257452017537047
BIZ,Athletics,0.0,0.0,0.0,0.10150789121620413
BIZ,Cycling,0.0,0.0,0.0,0.0
BLR,Archery,0.0,0.0,0.0,0.0727320714266468
BLR,Athletics,0.0,0.0,0.0,0.39587518922065407
BLR,Badminton,0.0,0.0,0.0,0.07792543226909203
BLR,Boxing,0.0,0.0,0.0,0.16326666418743616
BLR,Canoeing,0.0,0.0,0.0,0.10762374409934031
BLR,Cycling,0.0,0.0,0.0,0.30768718264749423
BLR,Diving,0.0,0.0,0.0,0.3998609829610436
BLR,Fencing,0.0,0.0,0.0,0.22016361395316575
BLR,Gymnastics,0.0,0.0,0.0,0.6241333603386972
BLR,Judo,0.0,0.0,0.0,0.16754257732097785
BLR,Rowing,0.0,0.0,0.0,0.2035594525065592
BLR,Sailing,0.0,0.0,0.0,0.13804567204787066
BLR,Shooting,0.0,0.0,0.0,0.18460596350097463
BLR,Swimming,0.0,0.0,0.0,0.1522692171469455
BLR,Table Tennis,0.0,0.0,0.0,0.24734998404771785
BLR,Tennis,0.0,0.0,0.0,0.06767765889992772
BLR,Weightlifting,0.0,0.0,0.0,0.49180118344352075
BLR,Wrestling,0.0,0.0,0.0,0.2770906618078968
BOL,Athletics,0.0,0.0,0.0,0.3093165735659125
BOL,Cycling,0.0,0.0,0.0,0.23471711209776833
BOL,Diving,0.0,0.0,0.0,0.0257452017537047
BOL,Fencing,0.0,0.0,0.0,0.0257452017537047
BOL,Judo,0.0,0.0,0.0,0.16397211634181597
BOL,Shooting,0.0,0.0,0.0,0.2883043191931218
BOL,Swimming,0.0,0.0,0.0,0.16957756498484391
BOL,Weightlifting,0.0,0.0,0.0,0.0375294486205608
BOT,Athletics,0.0,0.0,0.0,0.5205013698261909
BOT,Boxing,0.0,0.0,0.0,0.12627085834313137
BRA,Archery,0.0,0.0,0.0,0.20155191833099653
BRA,Athletics,0.0,0.0,0.0,0.33364581249460284
BRA,Basketball,0.0,0.0,0.0,0.5128135011566357
BRA,Beach Volleyball,0.0,0.0,0.0,0.2872726370993613
BRA,Boxing,0.0,0.0,0.0,0.2099953588943229
BRA,Canoeing,0.0,0.0,0.0,0.10561097112361051
BRA,Cycling,0.0,0.0,0.0,0.4995525907407666
BRA,Diving,0.0,0.0,0.0,0.0229270813391062
BRA,Equestrian,0.0,0.0,0.0,0.47492328510216153
BRA,Fencing,0.0,0.0,0.0,0.16255698571671703
BRA,Football,0.0,0.0,0.0,0.32955858319686177
BRA,Gymnastics,0.0,0.0,0.0,0.5465425522512112
BRA,Handball,0.0,0.0,0.0,0.12924093593711866
BRA,Judo,0.0,0.0,0.0,0.4515090645189491
BRA,Rowing,0.0,0.0,0.0,0.23523188295878894
BRA,Sailing,0.0,0.0,0.0,0.10223380432431844
BRA,Shooting,0.0,0.0,0.0,0.2116677227657403
BRA,Swimming,0.0,0.0,0.0,0.24036503556706004
BRA,Synchronized Swimming,0.0,0.0,0.0,0.025019632413707197
BRA,Table Tennis,0.0,0.0,0.0,0.3272614712516774
BRA,Tennis,0.0,0.0,0.0,0.15893826938301944
BRA,Volleyball,0.0,0.0,0.0,0.140016927655282
BRA,Weightlifting,0.0,0.0,0.0,0.12468394699629742
BRA,Wrestling,0.0,0.0,0.0,0.10461722795694962
BRN,Athletics,0.0,0.0,0.0,0.6555537047507229
BRN,Cycling,0.0,0.0,0.0,0.0
BRN,Sailing,0.0,0.0,0.0,0.0391432149112449
BRU,Shooting,0.0,0.0,0.0,0.0
BUL,Archery,0.0,0.0,0.0,0.1533453270636114
BUL,Athletics,0.0,0.0,0.0,0.18029063990107372
BUL,Badminton,0.0,0.0,0.0,0.21677540578220042
BUL,Boxing,0.0,0.0,0.0,0.14914011144519565
BUL,Canoeing,0.0,0.0,0.0,0.1975557616743346
BUL,Cycling,0.0,0.0,0.0,0.5732632394732505
BUL,Diving,0.0,0.0,0.0,0.01287260087685235
BUL,Equestrian,0.0,0.0,0.0,0.06129809941358259
BUL,Fencing,0.0,0.0,0.0,0.22008499749553065
BUL,Gymnastics,0.0,0.0,0.0,0.2665337484601796
BUL,Judo,0.0,0.0,0.0,0.16772579063921933
BUL,Modern Pentathlon,0.0,0.0,0.0,0.4763706229029717
BUL,Rowing,0.0,0.0,0.0,0.12781391759995916
BUL,Shooting,0.0,0.0,0.0,0.19704915841604903
BUL,Swimming,0.0,0.0,0.0,0.1210318280982975
BUL,Table Tennis,0.0,0.0,0.0,0.0
BUL,Tennis,0.0,0.0,0.0,0.13016156097822168
BUL,Volleyball,0.0,0.0,0.0,0.16871452983203158
BUL,Weightlifting,0.0,0.0,0.0,0.06291545063219747
BUL,Wrestling,0.0,0.0,0.0,0.3579135519585673
BUR,Athletics,0.0,0.0,0.0,0.0971819255154688
BUR,Boxing,0.0,0.0,0.0,0.031262030700927104
BUR,Judo,0.0,0.0,0.0,0.15892992427621053
CAF,Athletics,0.0,0.0,0.0,0.08045760260050287
CAF,Cycling,0.0,0.0,0.0,0.0
CAF,Judo,0.0,0.0,0.0,0.07303127538562007
CAM,Athletics,0.0,0.0,0.0,0.24567442155748304
CAM,Swimming,0.0,0.0,0.0,0.19453558504648077
CAM,Wrestling,0.0,0.0,0.0,0.3145462195260917
CAN,Archery,0.0,0.0,0.0,0.3879632915301681
CAN,Athletics,0.0,0.0,0.0,0.6038423652774255
CAN,Badminton,0.0,0.0,0.0,0.18529041475990643
CAN,Basketball,0.0,0.0,0.0,0.08795886027990311
CAN,Beach Volleyball,0.0,0.0,0.0,0.47237518246994553
CAN,Boxing,0.0,0.0,0.0,0.15940173496801754
CAN,Canoeing,0.0,0.0,0.0,0.1477111733184528
CAN,Cycling,0.0,0.0,0.0,0.641193669864604
CAN,Diving,0.0,0.0,0.0,0.3471995402691919
CAN,Equestrian,0.0,0.0,0.0,0.8132515483752774
CAN,Fencing,0.0,0.0,0.0,0.3745420512407428
CAN,Gymnastics,0.0,0.0,0.0,0.9950170797079748
CAN,Hockey,0.0,0.0,0.0,0.2038731676866731
CAN,Judo,0.0,0.0,0.0,0.2718908984634718
CAN,Modern Pentathlon,0.0,0.0,0.0,0.1972976727480911
CAN,Rowing,0.0,0.0,0.0,0.18861653544633766
CAN,Sailing,0.0,0.0,0.0,0.3427931280609616
CAN,Shooting,0.0,0.0,0.0,0.16630933586566846
CAN,Softball,0.0,0.0,0.0,4.204208893431437
CAN,Swimming,0.0,0.0,0.0,0.5173850236735724
CAN,Synchronized Swimming,0.0,0.0,0.0,0.33266539876423
CAN,Table Tennis,0.0,0.0,0.0,0.3428598829735819
CAN,Tennis,0.0,0.0,0.0,0.271702972708691
CAN,Volleyball,0.0,0.0,0.0,0.15727310976304584
CAN,Weightlifting,0.0,0.0,0.0,0.09685419739442566
CAN,Wrestling,0.0,0.0,0.0,0.2564715734255124
CAY,Athletics,0.0,0.0,0.0,0.07963215765157661
CAY,Cycling,0.0,0.0,0.0,0.0
CAY,Sailing,0.0,0.0,0.0,0.10983601510216452
CGO,Athletics,0.0,0.0,0.0,0.12229119660150249
CGO,Judo,0.0,0.0,0.0,0.1796031316922795
CGO,Swimming,0.0,0.0,0.0,0.36530000274799135
CHA,Athletics,0.0,0.0,0.0,0.14249144933181174
CHA,Judo,0.0,0.0,0.0,0.026806749014686274
CHI,Athletics,0.0,0.0,0.0,0.24936221572352138
CHI,Boxing,0.0,0.0,0.0,0.0
CHI,Cycling,0.0,0.0,0.0,0.17406039029866466
CHI,Fencing,0.0,0.0,0.0,0.12504640342038983
CHI,Sailing,0.0,0.0,0.0,0.3962137541218269
CHI,Shooting,0.0,0.0,0.0,0.0832457074187563
CHI,Swimming,0.0,0.0,0.0,0.08484148133349106
CHI,Table Tennis,0.0,0.0,0.0,0.297645767840655
CHI,Tennis,0.0,0.0,0.0,0.2405785263030734
CHI,Weightlifting,0.0,0.0,0.0,0.2459341291975242
CHN,Archery,0.0,0.0,0.0,0.9185693417758259
CHN,Athletics,0.0,0.0,0.0,0.539891739060598
CHN,Badminton,0.0,0.0,0.0,0.38478908441338444
CHN,Basketball,0.0,0.0,0.0,0.20756867689631728
CHN,Boxing,0.0,0.0,0.0,0.26216051414441605
CHN,Canoeing,0.0,0.0,0.0,0.1924957606059937
CHN,Cycling,0.0,0.0,0.0,0.44496314644096213
CHN,Diving,0.0,0.0,0.48016343870111344,0.0
CHN,Fencing,0.0,0.0,0.0,0.5214084118785725
CHN,Football,0.0,0.0,0.0,0.23939578335913156
CHN,Gymnastics,0.0,0.0,0.0,1.4090053932327273
CHN,Handball,0.0,0.0,0.0,0.05790793922152531
CHN,Judo,0.0,0.0,0.0,0.37682826544452575
CHN,Modern Pentathlon,0.0,0.0,0.0,0.4282818942456026
CHN,Rowing,0.0,0.0,0.0,0.17265076979468505
CHN,Sailing,0.0,0.0,0.0,0.14260234520247558
CHN,Shooting,0.0,0.0,0.0,0.6119896577065846
CHN,Softball,0.0,0.0,0.0,8.098424541257042
CHN,Swimming,0.0,0.0,0.0,0.6081220275032789
CHN,Synchronized Swimming,0.0,0.0,0.0,0.39898551581500197
CHN,Table Tennis,0.0,0.0,0.0,0.39804447619419464
CHN,Tennis,0.0,0.0,0.0,0.4902155923593411
CHN,Volleyball,0.0,0.0,0.0,0.16824049585105877
CHN,Weightlifting,0.0,0.0,0.0,0.33006512326879556
CHN,Wrestling,0.0,0.0,0.0,0.30602633595212136
CIV,Athletics,0.0,0.0,0.0,0.4296863808831242
CIV,Canoeing,0.0,0.0,0.0,0.04218310024951033
CIV,Judo,0.0,0.0,0.0,0.10905015197613521
CIV,Tennis,0.0,0.0,0.0,0.0257452017537047
CMR,Athletics,0.0,0.0,0.0,0.15280143662249973
CMR,Boxing,0.0,0.0,0.0,0.26003061637821745
CMR,Judo,0.0,0.0,0.0,0.13694360751898324
CMR,Weightlifting,0.0,0.0,0.0,0.1807816690940938
CMR,Wrestling,0.0,0.0,0.0,0.140830267258661
COD,Athletics,0.0,0.0,0.0,0.16776732416687154
COD,Basketball,0.0,0.0,0.0,0.02574520175370471
COD,Boxing,0.0,0.0,0.0,0.022785736662483336
COD,Cycling,0.0,0.0,0.0,0.0
COD,Judo,0.0,0.0,0.0,0.12202758660640674
COK,Athletics,0.0,0.0,0.0,0.20694428848856208
COK,Sailing,0.0,0.0,0.0,0.4465555574698024
COK,Weightlifting,0.0,0.0,0.0,0.05870678034216295
COL,Archery,0.0,0.0,0.0,0.5719398353430795
COL,Athletics,0.0,0.0,0.0,0.37499307194174897
COL,Boxing,0.0,0.0,0.0,0.18216239944249696
COL,Cycling,0.0,0.0,0.0,0.42722976416073605
COL,Equestrian,0.0,0.0,0.0,0.30217570202444355
COL,Fencing,0.0,0.0,0.0,0.21199364837293774
COL,Football,0.0,0.0,0.0,0.43797382355190084
COL,Shooting,0.0,0.0,0.0,0.03047391227989533
COL,Swimming,0.0,0.0,0.0,0.16046057513067433
COL,Weightlifting,0.0,0.0,0.0,0.28998692333958476
COL,Wrestling,0.0,0.0,0.0,0.22229937531189217
COM,Athletics,0.0,0.0,0.0,0.14023869310786852
CPV,Athletics,0.0,0.0,0.0,0.1832444115396457
CRC,Archery,0.0,0.0,0.0,0.0
CRC,Athletics,0.0,0.0,0.0,0.09835708001126571
CRC,Canoeing,0.0,0.0,0.0,0.01287260087685235
CRC,Cycling,0.0,0.0,0.0,0.41514658722840636
CRC,Diving,0.0,0.0,0.0,0.0257452017537047
CRC,Fencing,0.0,0.0,0.0,0.0
CRC,Judo,0.0,0.0,0.0,0.22544420275854674
CRC,Shooting,0.0,0.0,0.0,0.02627061403439255
CRC,Swimming,0.0,0.0,0.0,0.07060757430471577
CRO,Athletics,0.0,0.0,0.0,0.227773775489995
CRO,Basketball,0.0,0.0,0.0,0.39818014899786114
CRO,Boxing,0.0,0.0,0.0,0.235430171621559
CRO,Canoeing,0.0,0.0,0.0,0.08227930234536474
CRO,Equestrian,0.0,0.0,0.0,0.02627061403439255
CRO,Gymnastics,0.0,0.0,0.0,0.21339943875208905
CRO,Handball,0.0,0.0,0.0,0.28964116230119225
CRO,Rowing,0.0,0.0,0.0,0.15975793340522101
CRO,Sailing,0.0,0.0,0.0,0.2027522410977324
CRO,Shooting,0.0,0.0,0.0,0.17910397561059416
CRO,Swimming,0.0,0.0,0.0,0.15288565731454096
CRO,Table Tennis,0.0,0.0,0.0,0.14391645066890568
CRO,Tennis,0.0,0.0,0.0,0.25741724691711526
CRO,Water Polo,0.0,0.0,0.0,0.18048469218406563
CRO,Wrestling,0.0,0.0,0.0,0.16356024588319376
CUB,Athletics,0.0,0.0,0.0,0.4901536306576527
CUB,Baseball,0.0,8.362350287081211,0.0,0.0
CUB,Basketball,0.0,0.0,0.0,0.017776448829938958
CUB,Beach Volleyball,0.0,0.0,0.0,0.1787962485469375
CUB,Boxing,0.0,0.0,0.3799793381289769,0.0
CUB,Canoeing,0.0,0.0,0.0,0.32163812082394816
CUB,Cycling,0.0,0.0,0.0,0.16231121479157357
CUB,Fencing,0.0,0.0,0.0,0.12985731899455777
CUB,Judo,0.0,0.0,0.0,0.2469357877323882
CUB,Rowing,0.0,0.0,0.0,0.35807705057460676
CUB,Sailing,0.0,0.0,0.0,0.04168270760123614
CUB,Shooting,0.0,0.0,0.0,0.2256217619107958
CUB,Swimming,0.0,0.0,0.0,0.13431118476574105
CUB,Table Tennis,0.0,0.0,0.0,0.14169074514512348
CUB,Volleyball,0.0,0.0,0.0,0.38085074738565716
CUB,Water Polo,0.0,0.0,0.0,0.0
CUB,Weightlifting,0.0,0.0,0.0,0.10066629198490615
CUB,Wrestling,0.0,0.0,0.0,0.3727984850255027
CYP,Archery,0.0,0.0,0.0,0.0375294486205608
CYP,Athletics,0.0,0.0,0.0,0.17241785172843344
CYP,Gymnastics,0.0,0.0,0.0,0.2720337948480155
CYP,Judo,0.0,0.0,0.0,0.0912890942320251
CYP,Sailing,0.0,0.0,0.0,0.02270820329610239
CYP,Shooting,0.0,0.0,0.0,0.16214673415797284
CYP,Swimming,0.0,0.0,0.0,0.11910663431212416
CYP,Wrestling,0.0,0.0,0.0,0.01287260087685235
CZE,Athletics,0.0,0.0,0.0,0.32495274657645795
CZE,Beach Volleyball,0.0,0.0,0.0,0.11921695932430813
CZE,Boxing,0.0,0.0,0.0,0.047294253728310504
CZE,Canoeing,0.0,0.0,0.0,0.19047628694029356
CZE,Cycling,0.0,0.0,0.0,0.4481539717515512
CZE,Fencing,0.0,0.0,0.0,0.4340570245857216
CZE,Gymnastics,0.0,0.0,0.0,0.282411345686962
CZE,Judo,0.0,0.0,0.0,0.07420869345152634
CZE,Rowing,0.0,0.0,0.0,0.10779740101500442
CZE,Sailing,0.0,0.0,0.0,0.15560931723316548
CZE,Shooting,0.0,0.0,0.0,0.3389305185617309
CZE,Swimming,0.0,0.0,0.0,0.18835121450513415
CZE,Table Tennis,0.0,0.0,0.0,0.5215109426248842
CZE,Tennis,0.0,0.0,0.0,0.39950793056902006
CZE,Weightlifting,0.0,0.0,0.0,0.14668263854976007
CZE,Wrestling,0.0,0.0,0.0,0.1703107844641271
DEN,Archery,0.0,0.0,0.0,0.17474680384694571
DEN,Athletics,0.0,0.0,0.0,0.19798240991831204
DEN,Badminton,0.0,0.0,0.0,0.19800367438371325
DEN,Boxing,0.0,0.0,0.0,0.022673914223736356
DEN,Canoeing,0.0,0.0,0.0,0.1960603256138267
DEN,Cycling,0.0,0.0,0.0,0.5773569765295832
DEN,Equestrian,0.0,0.0,0.0,0.7293591187394792
DEN,Fencing,0.0,0.0,0.0,0.0
DEN,Football,0.0,0.0,0.0,0.3016736186492393
DEN,Handball,0.0,0.0,0.0,0.16858173746682784
DEN,Rowing,0.0,0.0,0.0,0.12049112352921994
DEN,Sailing,0.0,0.0,0.0,0.2673367574466567
DEN,Shooting,0.0,0.0,0.0,0.0955975835674297
DEN,Swimming,0.0,0.0,0.0,0.166939277449611
DEN,Tennis,0.0,0.0,0.0,0.19070331409040162
DEN,Weightlifting,0.0,0.0,0.0,0.0
DJI,Athletics,0.0,0.0,0.0,0.33501024553947345
DJI,Judo,0.0,0.0,0.0,0.2289905965394485
DJI,Sailing,0.0,0.0,0.0,0.0
DMA,Athletics,0.0,0.0,0.0,0.14761712077836153
DMA,Swimming,0.0,0.0,0.0,0.18113330469215858
DOM,Athletics,0.0,0.0,0.0,0.37531385196975814
DOM,Baseball,0.0,0.0,0.0,0.0
DOM,Boxing,0.0,0.0,0.0,0.1799254425999807
DOM,Judo,0.0,0.0,0.0,0.12504967806407416
DOM,Table Tennis,0.0,0.0,0.0,0.06862885171079884
DOM,Tennis,0.0,0.0,0.0,0.3145462195260917
DOM,Weightlifting,0.0,0.0,0.0,0.12600854129699954
DOM,Wrestling,0.0,0.0,0.0,0.12171879230936679
ECU,Athletics,0.0,0.0,0.0,0.40998617182083436
ECU,Boxing,0.0,0.0,0.0,0.15122400611159278
ECU,Cycling,0.0,0.0,0.0,0.26260327953944596
ECU,Judo,0.0,0.0,0.0,0.15901382125030297
ECU,Sailing,0.0,0.0,0.0,0.0
ECU,Shooting,0.0,0.0,0.0,0.11794850326112329
ECU,Swimming,0.0,0.0,0.0,0.13345340137506034
ECU,Table Tennis,0.0,0.0,0.0,0.0
ECU,Tennis,0.0,0.0,0.0,0.03861780263055705
EGY,Boxing,0.0,0.0,0.0,0.2788934611251126
EGY,Equestrian,0.0,0.0,0.0,0.025019632413707197
EGY,Fencing,0.0,0.0,0.0,0.444871527947125
EGY,Football,0.0,0.0,0.0,0.03574233201958171
EGY,Handball,0.0,0.0,0.0,0.22676926593235067
EGY,Hockey,0.0,0.0,0.0,0.05254122806878513
EGY,Judo,0.0,0.0,0.0,0.25991350493201926
EGY,Modern Pentathlon,0.0,0.0,0.0,0.5087492055003222
EGY,Rowing,0.0,0.0,0.0,0.23810583947039335
EGY,Shooting,0.0,0.0,0.0,0.3947935956030838
EGY,Swimming,0.0,0.0,0.0,0.2682503920077894
EGY,Table Tennis,0.0,0.0,0.0,0.23264328746001617
EGY,Weightlifting,0.0,0.0,0.0,0.31693853821425244
EGY,Wrestling,0.0,0.0,0.0,0.3769201058206864
ESA,Athletics,0.0,0.0,0.0,0.17646179804898196
ESA,Cycling,0.0,0.0,0.0,0.21654025275953911
ESA,Judo,0.0,0.0,0.0,0.29019308521487874
ESA,Swimming,0.0,0.0,0.0,0.20818507677129364
ESA,Weightlifting,0.0,0.0,0.0,0.06514308078058911
ESP,Archery,0.0,0.0,0.0,0.7743382931675334
ESP,Athletics,0.0,0.0,0.0,0.4896725649336705
ESP,Badminton,0.0,0.0,0.0,0.13500847910757477
ESP,Baseball,0.0,0.0,0.0,0.0
ESP,Basketball,0.0,0.0,0.0,0.1320650034128422
ESP,Beach Volleyball,0.0,0.0,0.0,0.040504997761190965
ESP,Boxing,0.4880121978797393,0.0,0.0,0.0
ESP,Canoeing,0.0,0.0,0.0,0.12905865976962339
ESP,Cycling,0.0,0.0,0.0,0.6047221979934319
ESP,Diving,0.0,0.0,0.0,0.11952062195684193
ESP,Equestrian,0.0,0.0,0.0,0.9036102331383337
ESP,Fencing,0.0,0.0,0.0,0.07755811704773141
ESP,Football,0.0,0.0,0.0,0.042437764365149865
ESP,Gymnastics,0.0,0.0,0.0,0.7598002982211338
ESP,Handball,0.0,0.0,0.0,0.16382813524783393
ESP,Hockey,0.0,0.0,0.0,0.2250821090331551
ESP,Judo,0.0,0.0,0.0,0.28034617321074373
ESP,Modern Pentathlon,0.0,0.0,0.0,0.09691851152510922
ESP,Rowing,0.0,0.0,0.0,0.09280861199135682
ESP,Sailing,0.0,0.0,0.0,0.2469974123409573
ESP,Shooting,0.0,0.0,0.0,0.15149580049533928
ESP,Swimming,0.0,0.0,0.0,0.3238209461660548
ESP,Synchronized Swimming,0.0,0.0,0.0,0.07961604457361826
ESP,Table Tennis,0.0,0.0,0.0,0.14140768515346255
ESP,Tennis,0.0,0.0,0.0,0.5513694908213167
ESP,Volleyball,0.0,0.0,0.0,0.013792072368056093
ESP,Water Polo,0.0,0.19123025745053976,0.0,0.0
ESP,Weightlifting,0.0,0.0,0.0,0.1367903268407325
ESP,Wrestling,0.0,0.0,0.0,0.07181587578149337
EST,Archery,0.0,0.0,0.0,0.23685807778574122
EST,Athletics,0.0,0.0,0.0,0.36587844677506953
EST,Beach Volleyball,0.0,0.0,0.0,0.0750588972411216
EST,Canoeing,0.0,0.0,0.0,0.01287260087685235
EST,Cycling,0.0,0.0,0.0,0.1440827017207368
EST,Fencing,0.0,0.0,0.0,0.48584624336726917
EST,Judo,0.0,0.0,0.0,0.21070906896015398
EST,Modern Pentathlon,0.0,0.0,0.0,0.0
EST,Rowing,0.0,0.0,0.0,0.06975116093621371
EST,Sailing,0.0,0.0,0.0,0.042381470192219016
EST,Shooting,0.0,0.0,0.0,0.09420136485627369
EST,Swimming,0.0,0.0,0.0,0.10588060168950168
EST,Table Tennis,0.0,0.0,0.0,0.0
EST,Wrestling,0.0,0.0,0.0,0.1282260527394073
ETH,Athletics,0.0,0.0,0.0,0.9709625590183405
ETH,Boxing,0.0,0.0,0.0,0.038355096490213104
ETH,Cycling,0.0,0.0,0.0,0.30167361864923936
EUN,Archery,0.0,0.0,0.0,0.0
EUN,Athletics,0.0,0.0,0.0,0.0
EUN,Basketball,0.0,0.0,0.0,0.0
EUN,Boxing,0.0,0.0,0.0,0.0
EUN,Canoeing,0.0,0.0,0.0,0.0
EUN,Cycling,0.0,0.0,0.0,0.0
EUN,Diving,0.0,0.0,0.0,0.0
EUN,Equestrian,0.0,0.0,0.0,0.0
EUN,Fencing,0.0,0.0,0.0,0.0
EUN,Gymnastics,0.0,0.0,0.0,0.0
EUN,Handball,0.0,0.0,0.0,0.0
EUN,Hockey,0.0,0.0,0.0,0.0
EUN,Judo,0.0,0.0,0.0,0.0
EUN,Modern Pentathlon,0.0,0.0,0.0,0.0
EUN,Rowing,0.0,0.0,0.0,0.0
EUN,Sailing,0.0,0.0,0.0,0.0
EUN,Shooting,0.0,0.0,0.0,0.0
EUN,Swimming,0.0,0.0,0.0,0.0
EUN,Synchronized Swimming,0.0,0.0,0.0,0.0
EUN,Table Tennis,0.0,0.0,0.0,0.0
EUN,Tennis,0.0,0.0,0.0,0.0
EUN,Volleyball,0.0,0.0,0.0,0.0
EUN,Water Polo,0.0,0.0,0.0,0.0
EUN,Weightlifting,0.0,0.0,0.0,0.0
EUN,Wrestling,0.0,0.0,0.0,0.0
FIJ,Athletics,0.0,0.0,0.0,0.07492217747378231
FIJ,Judo,0.0,0.0,0.0,0.07769849103852842
FIJ,Sailing,0.0,0.0,0.0,0.011442311890535423
FIJ,Swimming,0.0,0.0,0.0,0.11716126810194069
FIJ,Weightlifting,0.0,0.0,0.0,0.16185775941326339
FIN,Archery,0.0,0.0,0.0,0.4386986009335211
FIN,Athletics,0.0,0.0,0.0,0.2186425053597841
FIN,Badminton,0.0,0.0,0.0,0.28568210332448984
FIN,Boxing,0.0,0.0,0.0,0.12802521938932565
FIN,Canoeing,0.0,0.0,0.0,0.14293091958568055
FIN,Cycling,0.0,0.0,0.0,0.17343423704193509
FIN,Equestrian,0.0,0.0,0.0,0.560765740303262
FIN,Fencing,0.0,0.0,0.0,0.0
FIN,Gymnastics,0.0,0.0,0.0,0.42862388242965327
FIN,Judo,0.0,0.0,0.0,0.12201532936339156
FIN,Rowing,0.0,0.0,0.0,0.03163732518713275
FIN,Sailing,0.0,0.0,0.0,0.14004016355020776
FIN,Shooting,0.0,0.0,0.0,0.12176296956649378
FIN,Swimming,0.0,0.0,0.0,0.15796951311162635
FIN,Synchronized Swimming,0.0,0.0,0.0,0.0
FIN,Weightlifting,0.0,0.0,0.0,0.28167500234641124
FIN,Wrestling,0.0,0.0,0.0,0.2090046645962853
FRA,Archery,0.0,0.0,0.0,0.33010902775078504
FRA,Athletics,0.0,0.0,0.0,0.24431313832777868
FRA,Badminton,0.0,0.0,0.0,0.10425597358547045
FRA,Beach Volleyball,0.0,0.0,0.0,0.017732664473214962
FRA,Boxing,0.0,0.0,0.0,0.2832057872614983
FRA,Canoeing,0.0,0.0,0.0,0.2438222262978901
FRA,Cycling,0.0,0.0,0.0,0.7531356741107451
FRA,Diving,0.0,0.0,0.0,0.1397914082654044
FRA,Equestrian,0.0,0.0,0.0,0.5987401523010779
FRA,Fencing,0.0,0.0,0.0,0.4015591696701141
FRA,Football,0.0,0.0,0.0,0.09047826468821123
FRA,Gymnastics,0.0,0.0,0.0,0.9573082536945032
FRA,Handball,0.0,0.0,0.0,0.2111338162538515
FRA,Judo,0.0,0.0,0.0,0.27290999905513796
FRA,Modern Pentathlon,0.0,0.0,0.0,0.35313376101023913
FRA,Rowing,0.0,0.0,0.0,0.17965684483638755
FRA,Sailing,0.0,0.0,0.0,0.2726802711080592
FRA,Shooting,0.0,0.0,0.0,0.2105855488303192
FRA,Swimming,0.0,0.0,0.0,0.296253726847431
FRA,Synchronized Swimming,0.0,0.0,0.0,0.2767643914856042
FRA,Table Tennis,0.0,0.0,0.0,0.20440990752991395
FRA,Tennis,0.0,0.0,0.0,0.5366656577349401
FRA,Volleyball,0.0,0.0,0.0,0.1639721163418159
FRA,Water Polo,0.0,0.0,0.0,0.20111574576615954
FRA,Weightlifting,0.0,0.0,0.0,0.16841279716385424
FRA,Wrestling,0.0,0.0,0.0,0.15771959751131256
GAB,Athletics,0.0,0.0,0.0,0.0919356895422029
GAB,Boxing,0.0,0.0,0.0,0.14141644656517022
GAB,Judo,0.0,0.0,0.0,0.22051494726974918
GAM,Athletics,0.0,0.0,0.0,0.21151292331129662
GBR,Archery,0.0,0.0,0.0,0.4030492337122069
GBR,Athletics,0.0,0.0,0.0,0.6883749965529276
GBR,Badminton,0.0,0.0,0.0,0.3299963308843111
GBR,Beach Volleyball,0.0,0.0,0.0,0.0
GBR,Boxing,0.0,0.0,0.0,0.2389969834701395
GBR,Canoeing,0.0,0.0,0.0,0.1157346392390484
GBR,Cycling,0.0,0.0,0.0,0.6867722260268329
GBR,Diving,0.0,0.0,0.0,0.3408343493872748
GBR,Equestrian,0.0,0.0,0.0,0.6411399202487283
GBR,Fencing,0.0,0.0,0.0,0.12169864843122483
GBR,Gymnastics,0.0,0.0,0.0,1.3218531156876392
GBR,Hockey,0.0,0.0,0.0,0.2193950567891166
GBR,Judo,0.0,0.0,0.0,0.2252555511276299
GBR,Modern Pentathlon,0.0,0.0,0.0,0.6326686625705891
GBR,Rowing,0.0,0.0,0.0,0.19725764275379332
GBR,Sailing,0.0,0.0,0.0,0.22914018204327186
GBR,Shooting,0.0,0.0,0.0,0.19875407044853027
GBR,Swimming,0.0,0.0,0.0,0.4737719744174213
GBR,Synchronized Swimming,0.0,0.0,0.0,0.15238425431147326
GBR,Table Tennis,0.0,0.0,0.0,0.1517884997146027
GBR,Tennis,0.0,0.0,0.0,0.4729367401667312
GBR,Weightlifting,0.0,0.0,0.0,0.10489476825449809
GBR,Wrestling,0.0,0.0,0.0,0.01957160745562245
GBS,Athletics,0.0,0.0,0.0,0.1297851723389951
GBS,Wrestling,0.0,0.0,0.0,0.14509654260743937
GEO,Archery,0.0,0.0,0.0,0.5971008687988681
GEO,Athletics,0.0,0.0,0.0,0.21853911836322265
GEO,Boxing,0.0,0.0,0.0,0.08020765671917494
GEO,Diving,0.0,0.0,0.0,0.029423087718519637
GEO,Fencing,0.0,0.0,0.0,0.31454621952609163
GEO,Gymnastics,0.0,0.0,0.0,0.12705406167248523
GEO,Judo,0.0,0.0,0.0,0.32369375768601466
GEO,Modern Pentathlon,0.0,0.0,0.0,0.0257452017537047
GEO,Sailing,0.0,0.0,0.0,0.0514904035074094
GEO,Shooting,0.0,0.0,0.0,0.1870964688016823
GEO,Weightlifting,0.0,0.0,0.0,0.21149614978308715
GEO,Wrestling,0.0,0.0,0.0,0.4620266594385043
GEQ,Athletics,0.0,0.0,0.0,0.08729352651997394
GER,Archery,0.0,0.0,0.0,0.27638893287644545
GER,Athletics,0.0,0.0,0.0,0.7056141974887795
GER,Badminton,0.0,0.0,0.0,0.2687248697864902
GER,Basketball,0.0,0.0,0.0,0.0187647243102804
GER,Beach Volleyball,0.0,0.0,0.0,0.36000669363220333
GER,Boxing,0.0,0.0,0.0,0.3075162707353603
GER,Canoeing,0.0,0.0,0.0,0.21180501180482847
GER,Cycling,0.0,0.0,0.0,0.6969157897373078
GER,Diving,0.0,0.0,0.0,0.42993920782652284
GER,Equestrian,0.0,0.0,0.0,0.8552500007503632
GER,Fencing,0.0,0.0,0.0,0.23337026834424832
GER,Football,0.0,0.0,0.0,0.33735970905814316
GER,Gymnastics,0.0,0.0,0.0,0.9499573057844027
GER,Handball,0.0,0.0,0.0,0.16311275188630864
GER,Hockey,0.0,0.0,0.0,0.2312855010908169
GER,Judo,0.0,0.0,0.0,0.38643071816098223
GER,Modern Pentathlon,0.0,0.0,0.0,0.46767157494020817
GER,Rowing,0.0,0.0,0.0,0.23326900482950425
GER,Sailing,0.0,0.0,0.0,0.3180986663829413
GER,Shooting,0.0,0.0,0.0,0.43586800929201897
GER,Swimming,0.0,0.0,0.0,0.389290059945177
GER,Synchronized Swimming,0.0,0.0,0.0,0.0
GER,Table Tennis,0.0,0.0,0.0,0.3707965586028103
GER,Tennis,0.0,0.0,0.0,0.51381001190861
GER,Volleyball,0.0,0.0,0.0,0.07181885484354654
GER,Water Polo,0.0,0.0,0.0,0.15334532706361143
GER,Weightlifting,0.0,0.0,0.0,0.2729450660530957
GER,Wrestling,0.0,0.0,0.0,0.22980740891778834
GHA,Athletics,0.0,0.0,0.0,0.35633615729484464
GHA,Boxing,0.0,0.0,0.0,0.22844270201930517
GHA,Football,0.0,0.0,0.0,0.07828642982248982
GHA,Table Tennis,0.0,0.0,0.0,0.01287260087685235
GRE,Athletics,0.0,0.0,0.0,0.28858066099127827
GRE,Basketball,0.0,0.0,0.0,0.05320007838901275
GRE,Boxing,0.0,0.0,0.0,0.06901665601321126
GRE,Cycling,0.0,0.0,0.0,0.16243049757506992
GRE,Diving,0.0,0.0,0.0,0.10725514314521051
GRE,Fencing,0.0,0.0,0.0,0.1563747866866624
GRE,Gymnastics,0.0,0.0,0.0,0.28888929508017225
GRE,Judo,0.0,0.0,0.0,0.1088188379134747
GRE,Modern Pentathlon,0.0,0.0,0.0,0.02627061403439255
GRE,Rowing,0.0,0.0,0.0,0.13956244446444915
GRE,Sailing,0.0,0.0,0.0,0.22379707417917635
GRE,Shooting,0.0,0.0,0.0,0.1986944740114473
GRE,Swimming,0.0,0.0,0.0,0.2418608881166178
GRE,Synchronized Swimming,0.0,0.0,0.0,0.16971928534097036
GRE,Table Tennis,0.0,0.0,0.0,0.19392234614484716
GRE,Tennis,0.0,0.0,0.0,0.05182765272999883
GRE,Water Polo,0.0,0.0,0.0,0.11465069589359753
GRE,Weightlifting,0.0,0.0,0.0,0.17457082105658472
GRE,Wrestling,0.0,0.0,0.0,0.15771983792724845
GRN,Athletics,0.0,0.0,0.0,0.16093697447870625
GUA,Athletics,0.0,0.0,0.0,0.3756540926215934
GUA,Badminton,0.0,0.0,0.0,0.0511151090212038
GUA,Boxing,0.0,0.0,0.0,0.025019632413707197
GUA,Canoeing,0.0,0.0,0.0,0.0257452017537047
GUA,Cycling,0.0,0.0,0.0,0.08071190447333862
GUA,Fencing,0.0,0.0,0.0,0.0257452017537047
GUA,Gymnastics,0.0,0.0,0.0,0.08578159684699607
GUA,Judo,0.0,0.0,0.0,0.15877980648172826
GUA,Modern Pentathlon,0.0,0.0,0.0,0.5166879734210599
GUA,Sailing,0.0,0.0,0.0,0.03467184917559523
GUA,Shooting,0.0,0.0,0.0,0.2016387373635447
GUA,Swimming,0.0,0.0,0.0,0.11883195162491483
GUA,Weightlifting,0.0,0.0,0.0,0.22356069470029707
GUA,Wrestling,0.0,0.0,0.0,0.2913723242640272
GUI,Athletics,0.0,0.0,0.0,0.20279194338617185
GUI,Boxing,0.0,0.0,0.0,0.3223167379737132
GUI,Judo,0.0,0.0,0.0,0.14251246187927888
GUM,Archery,0.0,0.0,0.0,0.0
GUM,Athletics,0.0,0.0,0.0,0.18243499935804905
GUM,Cycling,0.0,0.0,0.0,0.09144658527808973
GUM,Judo,0.0,0.0,0.0,0.09691851152510922
GUM,Sailing,0.0,0.0,0.0,0.008581733917901567
GUM,Swimming,0.0,0.0,0.0,0.06540862598750995
GUM,Weightlifting,0.0,0.0,0.0,0.10420504961977177
GUM,Wrestling,0.0,0.0,0.0,0.07766007932048778
GUY,Athletics,0.0,0.0,0.0,0.16697440623492935
GUY,Boxing,0.0,0.0,0.0,0.006436300438426175
GUY,Cycling,0.0,0.0,0.0,0.0
HAI,Athletics,0.0,0.0,0.0,0.21636484960976662
HAI,Judo,0.0,0.0,0.0,0.12390587706820044
HAI,Swimming,0.0,0.0,0.0,0.2653814248670418
HAI,Tennis,0.0,0.0,0.0,0.031262030700927104
HKG,Archery,0.0,0.0,0.0,0.1072269960587451
HKG,Athletics,0.0,0.0,0.0,0.1692497373873837
HKG,Badminton,0.0,0.0,0.0,0.36772685967882335
HKG,Canoeing,0.0,0.0,0.0,0.0
HKG,Cycling,0.0,0.0,0.0,0.2934190875450933
HKG,Diving,0.0,0.0,0.0,0.031262030700927104
HKG,Fencing,0.0,0.0,0.0,0.2123500921656671
HKG,Judo,0.0,0.0,0.0,0.06365533523882358
HKG,Rowing,0.0,0.0,0.0,0.2929624769461456
HKG,Sailing,0.0,0.0,0.0,0.13161737906612764
HKG,Shooting,0.0,0.0,0.0,0.06790149525420038
HKG,Swimming,0.0,0.0,0.0,0.197844539245341
HKG,Table Tennis,0.0,0.0,0.0,0.454724740991133
HON,Athletics,0.0,0.0,0.0,0.06334034384267204
HON,Boxing,0.0,0.0,0.0,0.2540215456215444
HON,Fencing,0.0,0.0,0.0,0.0
HON,Judo,0.0,0.0,0.0,0.16807021333742456
HON,Swimming,0.0,0.0,0.0,0.0835306714897432
HON,Weightlifting,0.0,0.0,0.0,0.05361349802937255
HUN,Archery,0.0,0.0,0.0,0.0
HUN,Athletics,0.0,0.0,0.0,0.23748434134165497
HUN,Badminton,0.0,0.0,0.0,0.15727310976304582
HUN,Boxing,0.0,0.0,0.0,0.13302566959161174
HUN,Canoeing,0.0,0.0,0.0,0.27474843722432024
HUN,Cycling,0.0,0.0,0.0,0.05321783041391578
HUN,Diving,0.0,0.0,0.0,0.22204089605742935
HUN,Equestrian,0.0,0.0,0.0,0.08780823787246808
HUN,Fencing,0.0,0.0,0.0,0.2241185494864332
HUN,Football,0.0,0.0,0.0,0.025745201753704698
HUN,Gymnastics,0.0,0.0,0.0,0.34997084702219056
HUN,Handball,0.0,0.0,0.0,0.06507463421477164
HUN,Judo,0.0,0.0,0.0,0.18191428897498083
HUN,Modern Pentathlon,0.0,0.0,0.0,0.5885325241877922
HUN,Rowing,0.0,0.0,0.0,0.19276512236627558
HUN,Sailing,0.0,0.0,0.0,0.18701705509660702
HUN,Shooting,0.0,0.0,0.0,0.33733951128120515
HUN,Swimming,0.0,0.0,0.0,0.430353105151125
HUN,Table Tennis,0.0,0.0,0.0,0.07899144732157608
HUN,Tennis,0.0,0.0,0.0,0.2833708353239233
HUN,Water Polo,0.0,0.0,0.0,0.11280279905222261
HUN,Weightlifting,0.0,0.0,0.0,0.08722045600394394
HUN,Wrestling,0.0,0.0,0.0,0.1834378030861088
INA,Archery,0.0,0.0,0.0,0.4694733242458217
INA,Athletics,0.0,0.0,0.0,0.17145347430261032
INA,Badminton,0.0,0.0,0.0,0.34809883071971526
INA,Beach Volleyball,0.0,0.0,0.0,0.0
INA,Boxing,0.0,0.0,0.0,0.02595536666597984
INA,Canoeing,0.0,0.0,0.0,0.01050824561375702
INA,Cycling,0.0,0.0,0.0,0.16397211634181597
INA,Fencing,0.0,0.0,0.0,0.05361349802937255
INA,Judo,0.0,0.0,0.0,0.06890945804570207
INA,Sailing,0.0,0.0,0.0,0.0257452017537047
INA,Swimming,0.0,0.0,0.0,0.15274986945113228
INA,Table Tennis,0.0,0.0,0.0,0.009194714912037388
INA,Tennis,0.0,0.0,0.0,0.03671318311306356
INA,Weightlifting,0.0,0.0,0.0,0.3409272737936802
IND,Archery,0.0,0.0,0.0,0.6136773987981032
IND,Athletics,0.0,0.0,0.0,0.40319943214154896
IND,Badminton,0.0,0.0,0.0,0.3218683165518864
IND,Boxing,0.0,0.0,0.0,0.10019062903853457
IND,Equestrian,0.0,0.0,0.0,0.12504640342038983
IND,Hockey,0.0,0.0,0.0,0.2273727282169861
IND,Judo,0.0,0.0,0.0,0.12180571542516647
IND,Sailing,0.0,0.0,0.0,0.09566961400541626
IND,Shooting,0.0,0.0,0.0,0.5478128226657596
IND,Swimming,0.0,0.0,0.0,0.1401223223025969
IND,Table Tennis,0.0,0.0,0.0,0.2934632624102407
IND,Tennis,0.0,0.0,0.0,0.1850105746450714
IND,Weightlifting,0.0,0.0,0.0,0.1978605738374301
IND,Wrestling,0.0,0.0,0.0,0.24878996120906474
IOA,Athletics,0.0,0.0,0.0,0.028801171141378933
IOA,Canoeing,0.0,0.0,0.0,0.0
IOA,Cycling,0.0,0.0,0.0,0.0
IOA,Fencing,0.0,0.0,0.0,0.30167361864923936
IOA,Gymnastics,0.0,0.0,0.0,0.0
IOA,Judo,0.0,0.0,0.0,0.021445399211749018
IOA,Rowing,0.0,0.0,0.0,0.0
IOA,Shooting,0.0,0.0,0.0,0.36200834237908724
IOA,Swimming,0.0,0.0,0.0,0.1340771638441064
IOA,Synchronized Swimming,0.0,0.0,0.0,0.0
IOA,Table Tennis,0.0,0.0,0.0,0.0
IOA,Tennis,0.0,0.0,0.0,0.0
IOA,Wrestling,0.0,0.0,0.0,0.0
IRI,Athletics,0.0,0.0,0.0,0.2393569691719387
IRI,Boxing,0.0,0.0,0.0,0.08127162939276526
IRI,Cycling,0.0,0.0,0.0,0.36191357532967583
IRI,Judo,0.0,0.0,0.0,0.2722454263719318
IRI,Shooting,0.0,0.0,0.0,0.2726364178602191
IRI,Swimming,0.0,0.0,0.0,0.2276509343374357
IRI,Table Tennis,0.0,0.0,0.0,0.4018526280231639
IRI,Weightlifting,0.0,0.0,0.0,0.22480936892345507
IRI,Wrestling,0.0,0.0,0.0,0.35975328714125643
IRL,Archery,0.0,0.0,0.0,0.0257452017537047
IRL,Athletics,0.0,0.0,0.0,0.3628510002218307
IRL,Boxing,0.0,0.0,0.0,0.14960406567171874
IRL,Canoeing,0.0,0.0,0.0,0.02487237400578651
IRL,Cycling,0.0,0.0,0.0,0.19576269797952545
IRL,Equestrian,0.0,0.0,0.0,0.6844248848231747
IRL,Fencing,0.0,0.0,0.0,0.0375294486205608
IRL,Gymnastics,0.0,0.0,0.0,0.3350102051600168
IRL,Judo,0.0,0.0,0.0,0.02659443956248996
IRL,Rowing,0.0,0.0,0.0,0.08355321847892583
IRL,Sailing,0.0,0.0,0.0,0.2144353602546183
IRL,Shooting,0.0,0.0,0.0,0.0323653964903716
IRL,Swimming,0.0,0.0,0.0,0.16520734241951138
IRL,Tennis,0.0,0.0,0.0,0.006436300438426175
IRQ,Athletics,0.0,0.0,0.0,0.08603836850976417
IRQ,Boxing,0.0,0.0,0.0,0.1526230922852018
IRQ,Shooting,0.0,0.0,0.0,0.03324304945311245
IRQ,Weightlifting,0.0,0.0,0.0,0.1682325137442579
ISL,Athletics,0.0,0.0,0.0,0.15453304098920878
ISL,Badminton,0.0,0.0,0.0,0.025019632413707197
ISL,Gymnastics,0.0,0.0,0.0,0.235782305588168
ISL,Handball,0.0,0.0,0.0,0.15057733875106644
ISL,Judo,0.0,0.0,0.0,0.03360136633160877
ISL,Shooting,0.0,0.0,0.0,0.09397466677082583
ISL,Swimming,0.0,0.0,0.0,0.187478442645488
ISR,Athletics,0.0,0.0,0.0,0.24909697808006986
ISR,Boxing,0.0,0.0,0.0,0.0257452017537047
ISR,Canoeing,0.0,0.0,0.0,0.0524536593553371
ISR,Fencing,0.0,0.0,0.0,0.12300548916875882
ISR,Gymnastics,0.0,0.0,0.0,0.1523290536903804
ISR,Judo,0.0,0.0,0.0,0.22792868255684995
ISR,Sailing,0.0,0.0,0.0,0.16184947787018758
ISR,Shooting,0.0,0.0,0.0,0.08002231574757415
ISR,Swimming,0.0,0.0,0.0,0.19624622175405168
ISR,Tennis,0.0,0.0,0.0,0.23340159628985344
ISR,Weightlifting,0.0,0.0,0.0,0.23721837716530664
ISR,Wrestling,0.0,0.0,0.0,0.023577876095867287
ISV,Athletics,0.0,0.0,0.0,0.09838880493213698
ISV,Boxing,0.0,0.0,0.0,0.12986837225573777
ISV,Cycling,0.0,0.0,0.0,0.0
ISV,Equestrian,0.0,0.0,0.0,0.0367788596481495
ISV,Sailing,0.0,0.0,0.0,0.05779688268989304
ISV,Shooting,0.0,0.0,0.0,0.04953887217914019
ISV,Swimming,0.0,0.0,0.0,0.11673130352192135
ITA,Archery,0.0,0.0,0.0,0.5541897092875914
ITA,Athletics,0.0,0.0,0.0,0.46771575722996533
ITA,Baseball,0.0,0.0,0.0,1.8956875087217668
ITA,Basketball,0.0,0.0,0.0,0.021147844297686007
ITA,Beach Volleyball,0.0,0.0,0.0,0.2144134824044506
ITA,Boxing,0.0,0.0,0.0,0.2130647366482625
ITA,Canoeing,0.0,0.0,0.0,0.23912286326312043
ITA,Cycling,0.0,0.0,0.0,0.5822884015263801
ITA,Diving,0.0,0.0,0.0,0.40627696080966774
ITA,Equestrian,0.0,0.0,0.0,0.6105423943379528
ITA,Fencing,0.0,0.0,0.0,0.4634855942713891
ITA,Football,0.0,0.0,0.0,0.18394286576249216
ITA,Gymnastics,0.0,0.0,0.0,0.977268511675865
ITA,Judo,0.0,0.0,0.0,0.33437565855870116
ITA,Modern Pentathlon,0.0,0.0,0.0,0.5255805864316941
ITA,Rowing,0.0,0.0,0.0,0.1790243853278245
ITA,Sailing,0.0,0.0,0.0,0.3075421015389572
ITA,Shooting,0.0,0.0,0.0,0.3157942514925912
ITA,Swimming,0.0,0.0,0.0,0.3751200997943619
ITA,Synchronized Swimming,0.0,0.0,0.0,0.4924093952177237
ITA,Table Tennis,0.0,0.0,0.0,0.388581167730185
ITA,Tennis,0.0,0.0,0.0,0.4777329853935062
ITA,Volleyball,0.0,0.0,0.0,0.18406951686074505
ITA,Water Polo,0.0,0.0,0.0,0.1961907405007445
ITA,Weightlifting,0.0,0.0,0.0,0.14018929952357986
ITA,Wrestling,0.0,0.0,0.0,0.1234218953258408
IVB,Athletics,0.0,0.0,0.0,0.15210469717255531
IVB,Sailing,0.0,0.0,0.0,0.0
JAM,Athletics,0.0,0.0,0.0,0.7568615842311537
JAM,Boxing,0.0,0.0,0.0,0.01287260087685235
JAM,Cycling,0.0,0.0,0.0,0.0187647243102804
JAM,Sailing,0.0,0.0,0.0,0.0625240614018542
JAM,Swimming,0.0,0.0,0.0,0.12021523015300908
JAM,Table Tennis,0.0,0.0,0.0,0.0257452017537047
JOR,Athletics,0.0,0.0,0.0,0.07039945441653943
JOR,Shooting,0.0,0.0,0.0,0.009194714912037376
JOR,Swimming,0.0,0.0,0.0,0.12588872930823383
JOR,Table Tennis,0.0,0.0,0.0,0.20096761828812496
JPN,Archery,0.0,0.0,0.0,0.4562567095019088
JPN,Athletics,0.0,0.0,0.0,0.6387264336953117
JPN,Badminton,0.0,0.0,0.0,0.48570149373599697
JPN,Baseball,0.0,14.23405851325906,0.0,0.0
JPN,Basketball,0.0,0.0,0.0,0.13369967202075442
JPN,Beach Volleyball,0.0,0.0,0.0,0.03287579699161125
JPN,Boxing,0.0,0.0,0.0,0.1514276685061775
JPN,Canoeing,0.0,0.0,0.0,0.07229334409278786
JPN,Cycling,0.0,0.0,0.0,0.38368464695516236
JPN,Diving,0.0,0.0,0.0,0.14245281751400277
JPN,Equestrian,0.0,0.0,0.0,0.6806581519831406
JPN,Fencing,0.0,0.0,0.0,0.2779165241962202
JPN,Football,0.0,0.0,0.0,0.186604462328424
JPN,Gymnastics,0.0,0.0,0.0,1.1703933142679686
JPN,Judo,0.0,0.0,0.0,0.42611007110680676
JPN,Modern Pentathlon,0.0,0.0,0.0,0.7080029737578558
JPN,Rowing,0.0,0.0,0.0,0.13112158777217434
JPN,Sailing,0.0,0.0,0.0,0.21448919341689227
JPN,Shooting,0.0,0.0,0.0,0.2273365961748882
JPN,Softball,0.0,0.0,0.0,2.4636209933631252
JPN,Swimming,0.0,0.0,0.0,0.5149433747302073
JPN,Synchronized Swimming,0.0,0.0,0.0,0.431398427029199
JPN,Table Tennis,0.0,0.0,0.0,0.3731790629120477
JPN,Tennis,0.0,0.0,0.0,0.3477805991190757
JPN,Volleyball,0.0,0.0,0.0,0.11278966046541826
JPN,Weightlifting,0.0,0.0,0.0,0.24762082701670812
JPN,Wrestling,0.0,0.0,0.0,0.326467915247296
KAZ,Archery,0.0,0.0,0.0,0.44475344228868136
KAZ,Athletics,0.0,0.0,0.0,0.4011313429993494
KAZ,Boxing,0.0,0.0,0.0,0.22393790270645586
KAZ,Canoeing,0.0,0.0,0.0,0.3257436585811249
KAZ,Cycling,0.0,0.0,0.0,0.3959891609783814
KAZ,Diving,0.0,0.0,0.0,0.06620194736666923
KAZ,Fencing,0.0,0.0,0.0,0.265014257878492
KAZ,Gymnastics,0.0,0.0,0.0,0.219245657897876
KAZ,Judo,0.0,0.0,0.0,0.32853894913769555
KAZ,Modern Pentathlon,0.0,0.0,0.0,0.41866582100517513
KAZ,Shooting,0.0,0.0,0.0,0.3950509728129735
KAZ,Swimming,0.0,0.0,0.0,0.20528896689137036
KAZ,Weightlifting,0.0,0.0,0.0,0.46877226161782704
KAZ,Wrestling,0.0,0.0,0.0,0.3492742916678338
KEN,Archery,0.0,0.0,0.0,0.32741882040294396
KEN,Athletics,0.0,0.0,0.0,0.9257515605195075
KEN,Boxing,0.0,0.0,0.0,0.1877189003564566
KEN,Judo,0.0,0.0,0.0,0.2289905965394485
KEN,Shooting,0.0,0.0,0.0,0.008581733917901567
KEN,Weightlifting,0.0,0.0,0.0,0.3233297204713196
KGZ,Athletics,0.0,0.0,0.0,0.19177458244850557
KGZ,Boxing,0.0,0.0,0.0,0.1807475454138449
KGZ,Canoeing,0.0,0.0,0.0,0.0257452017537047
KGZ,Cycling,0.0,0.0,0.0,0.03310097368333457
KGZ,Judo,0.0,0.0,0.0,0.15369136598213626
KGZ,Modern Pentathlon,0.0,0.0,0.0,0.06541382894563745
KGZ,Shooting,0.0,0.0,0.0,0.08525439744970727
KGZ,Swimming,0.0,0.0,0.0,0.1086995665912954
KGZ,Wrestling,0.0,0.0,0.0,0.214782147588696
KOR,Archery,0.0,0.0,0.0,0.8689150937657467
KOR,Athletics,0.0,0.0,0.0,0.3599751783035893
KOR,Badminton,0.0,0.0,0.48591668117134823,0.0
KOR,Baseball,0.0,0.0,0.0,13.832474749894674
KOR,Basketball,0.0,0.0,0.0,0.05217958065480518
KOR,Boxing,0.0,0.0,0.0,0.15972453029894312
KOR,Canoeing,0.0,0.0,0.0,0.10821549958782982
KOR,Cycling,0.0,0.0,0.0,0.4325244163138329
KOR,Diving,0.0,0.0,0.0,0.33551863201761656
KOR,Equestrian,0.0,0.0,0.0,0.2507454847485683
KOR,Fencing,0.0,0.0,0.0,0.4207707019054428
KOR,Football,0.0,0.0,0.0,0.4440161155797728
KOR,Gymnastics,0.0,0.0,0.0,0.9159933763922006
KOR,Handball,0.0,0.0,0.0,0.17511567148671606
KOR,Hockey,0.0,0.0,0.0,0.399463858493865
KOR,Judo,0.0,0.0,0.40471340069155426,0.0
KOR,Modern Pentathlon,0.0,0.0,0.0,0.48691024257306825
KOR,Rowing,0.0,0.0,0.0,0.09712353235510987
KOR,Sailing,0.0,0.0,0.0,0.19150675152210295
KOR,Shooting,0.0,0.0,0.0,0.6736584765100808
KOR,Swimming,0.0,0.0,0.0,0.19749722281298668
KOR,Table Tennis,0.0,0.0,0.0,0.4942547311799254
KOR,Tennis,0.0,0.0,0.0,0.04213806491116564
KOR,Volleyball,0.0,0.0,0.0,0.20530918274046664
KOR,Weightlifting,0.0,0.0,0.0,0.1620620336140835
KOR,Wrestling,0.0,0.0,0.0,0.39320984015828003
KSA,Athletics,0.0,0.0,0.0,0.20068601195690627
KSA,Cycling,0.0,0.0,0.0,0.0
KSA,Equestrian,0.0,0.0,0.0,0.4373576747242565
KSA,Fencing,0.0,0.0,0.0,0.30167361864923936
KSA,Football,0.0,0.0,0.0,0.012872600876852353
KSA,Shooting,0.0,0.0,0.0,0.32848036766392563
KSA,Swimming,0.0,0.0,0.0,0.07370680546079017
KSA,Table Tennis,0.0,0.0,0.0,0.02627061403439255
KSA,Weightlifting,0.0,0.0,0.0,0.18929686947721377
KUW,Athletics,0.0,0.0,0.0,0.05610076755716958
KUW,Diving,0.0,0.0,0.0,0.0257452017537047
KUW,Fencing,0.0,0.0,0.0,0.11278678353767334
KUW,Football,0.0,0.0,0.0,0.03677885964814958
KUW,Handball,0.0,0.0,0.0,0.02574520175370471
KUW,Judo,0.0,0.0,0.0,0.03581810576346322
KUW,Shooting,0.0,0.0,0.0,0.13164977668324682
KUW,Swimming,0.0,0.0,0.0,0.06858384346576706
KUW,Table Tennis,0.0,0.0,0.0,0.1008040989948263
KUW,Weightlifting,0.0,0.0,0.0,0.0
LAO,Athletics,0.0,0.0,0.0,0.048286460865174116
LAO,Boxing,0.0,0.0,0.0,0.0
LAT,Athletics,0.0,0.0,0.0,0.24649622835457413
LAT,Boxing,0.0,0.0,0.0,0.01287260087685235
LAT,Canoeing,0.0,0.0,0.0,0.34483149357286236
LAT,Cycling,0.0,0.0,0.0,0.1618570317146668
LAT,Gymnastics,0.0,0.0,0.0,0.09893030723869971
LAT,Judo,0.0,0.0,0.0,0.13280556947217714
LAT,Modern Pentathlon,0.0,0.0,0.0,0.16003152423665704
LAT,Rowing,0.0,0.0,0.0,0.02206731578888973
LAT,Sailing,0.0,0.0,0.0,0.22563498553159256
LAT,Shooting,0.0,0.0,0.0,0.19586723570376618
LAT,Swimming,0.0,0.0,0.0,0.16616811494945835
LAT,Tennis,0.0,0.0,0.0,0.13568122690792006
LAT,Weightlifting,0.0,0.0,0.0,0.23922718740422555
LAT,Wrestling,0.0,0.0,0.0,0.05491988026468827
LBA,Athletics,0.0,0.0,0.0,0.1632889428262562
LBA,Cycling,0.0,0.0,0.0,0.1008040989948263
LBA,Judo,0.0,0.0,0.0,0.17499064366305603
LBA,Table Tennis,0.0,0.0,0.0,0.0
LBA,Weightlifting,0.0,0.0,0.0,0.02627061403439255
LBR,Athletics,0.0,0.0,0.0,0.28961084271822535
LCA,Athletics,0.0,0.0,0.0,0.18792603329255672
LCA,Sailing,0.0,0.0,0.0,0.14211484667144475
LES,Athletics,0.0,0.0,0.0,0.27050837806432965
LIB,Athletics,0.0,0.0,0.0,0.1139665097454287
LIB,Cycling,0.0,0.0,0.0,0.0
LIB,Fencing,0.0,0.0,0.0,0.0714846640391634
LIB,Judo,0.0,0.0,0.0,0.13093885509972422
LIB,Rowing,0.0,0.0,0.0,0.0
LIB,Swimming,0.0,0.0,0.0,0.16426794405718148
LIB,Table Tennis,0.0,0.0,0.0,0.7363194351109285
LIB,Weightlifting,0.0,0.0,0.0,0.01838942982407475
LIE,Athletics,0.0,0.0,0.0,0.0375294486205608
LIE,Cycling,0.0,0.0,0.0,0.0
LIE,Judo,0.0,0.0,0.0,0.009194714912037376
LIE,Shooting,0.0,0.0,0.0,0.0367788596481495
LTU,Athletics,0.0,0.0,0.0,0.22605732132758175
LTU,Basketball,0.0,0.0,0.0,0.22257782560122638
LTU,Boxing,0.0,0.0,0.0,0.19443404851450666
LTU,Canoeing,0.0,0.0,0.0,0.3000538970399694
LTU,Cycling,0.0,0.0,0.0,0.3557556931205052
LTU,Gymnastics,0.0,0.0,0.0,0.2744924653571999
LTU,Judo,0.0,0.0,0.0,0.15547775314776804
LTU,Modern Pentathlon,0.0,0.0,0.0,0.20924109074414035
LTU,Rowing,0.0,0.0,0.0,0.23566351538404628
LTU,Sailing,0.0,0.0,0.0,0.03625463877852903
LTU,Shooting,0.0,0.0,0.0,0.12066944745969574
LTU,Swimming,0.0,0.0,0.0,0.21756853828970732
LTU,Table Tennis,0.0,0.0,0.0,0.031262030700927125
LTU,Weightlifting,0.0,0.0,0.0,0.20969747968406108
LTU,Wrestling,0.0,0.0,0.0,0.14807767583616605
LUX,Archery,0.0,0.0,0.0,0.12171879230936679
LUX,Athletics,0.0,0.0,0.0,0.2778532938746741
LUX,Fencing,0.0,0.0,0.0,0.0
LUX,Judo,0.0,0.0,0.0,0.0375294486205608
LUX,Shooting,0.0,0.0,0.0,0.02216203296874163
LUX,Swimming,0.0,0.0,0.0,0.18777533194979665
LUX,Tennis,0.0,0.0,0.0,0.07935155131667333
MAD,Athletics,0.0,0.0,0.0,0.1155195026742522
MAD,Boxing,0.0,0.0,0.0,0.04109474623951405
MAD,Judo,0.0,0.0,0.0,0.1621467341579729
MAD,Swimming,0.0,0.0,0.0,0.15080917414546047
MAD,Tennis,0.0,0.0,0.0,0.0
MAD,Weightlifting,0.0,0.0,0.0,0.17053156370275654
MAR,Athletics,0.0,0.0,0.0,0.5217321880912786
MAR,Boxing,0.0,0.0,0.0,0.25274858976102044
MAR,Football,0.0,0.0,0.0,0.09827354188783995
MAR,Gymnastics,0.0,0.0,0.0,0.025745201753704698
MAR,Judo,0.0,0.0,0.0,0.22805084414046248
MAR,Table Tennis,0.0,0.0,0.0,0.0
MAR,Tennis,0.0,0.0,0.0,0.0257452017537047
MAR,Weightlifting,0.0,0.0,0.0,0.2141634840699079
MAR,Wrestling,0.0,0.0,0.0,0.1896797585877511
MAS,Athletics,0.0,0.0,0.0,0.20528589117512583
MAS,Badminton,0.0,0.0,0.0,0.18092820330363882
MAS,Boxing,0.0,0.0,0.0,0.0257452017537047
MAS,Canoeing,0.0,0.0,0.0,0.0257452017537047
MAS,Cycling,0.0,0.0,0.0,0.143507547159613
MAS,Hockey,0.0,0.0,0.0,0.03677885964814958
MAS,Sailing,0.0,0.0,0.0,0.09820414132479317
MAS,Shooting,0.0,0.0,0.0,0.17093051747181895
MAS,Swimming,0.0,0.0,0.0,0.17025148758261258
MAW,Athletics,0.0,0.0,0.0,0.17488556120691842
MDA,Archery,0.0,0.0,0.0,0.1524129273729266
MDA,Athletics,0.0,0.0,0.0,0.1350088151688598
MDA,Boxing,0.0,0.0,0.0,0.06763878911385643
MDA,Canoeing,0.0,0.0,0.0,0.14551947573464177
MDA,Cycling,0.0,0.0,0.0,0.3237621193247167
MDA,Judo,0.0,0.0,0.0,0.19658194383827932
MDA,Shooting,0.0,0.0,0.0,0.03967934989153862
MDA,Swimming,0.0,0.0,0.0,0.10787236346127749
MDA,Weightlifting,0.0,0.0,0.0,0.2326706106920076
MDA,Wrestling,0.0,0.0,0.0,0.25404960977815777
MDV,Athletics,0.0,0.0,0.0,0.17739362773804537
MDV,Swimming,0.0,0.0,0.0,0.2841602263491236
MEX,Archery,0.0,0.0,0.0,0.48236239357293254
MEX,Athletics,0.0,0.0,0.0,0.36892662950457655
MEX,Beach Volleyball,0.0,0.0,0.0,0.24690167308324373
MEX,Boxing,0.0,0.0,0.0,0.30622386822042197
MEX,Canoeing,0.0,0.0,0.0,0.19304489169272582
MEX,Cycling,0.0,0.0,0.0,0.3078571228475404
MEX,Diving,0.0,0.0,0.0,0.36552012768859865
MEX,Equestrian,0.0,0.0,0.0,0.2768575102344271
MEX,Football,0.0,0.0,0.0,0.28046729708283286
MEX,Gymnastics,0.0,0.0,0.0,0.30954839424900543
MEX,Judo,0.0,0.0,0.0,0.16801765335244687
MEX,Modern Pentathlon,0.0,0.0,0.0,0.2628235335846253
MEX,Rowing,0.0,0.0,0.0,0.2029424277219161
MEX,Sailing,0.0,0.0,0.0,0.07777192300103332
MEX,Shooting,0.0,0.0,0.0,0.18716181759034103
MEX,Swimming,0.0,0.0,0.0,0.14052517379059865
MEX,Synchronized Swimming,0.0,0.0,0.0,0.1609624139961729
MEX,Table Tennis,0.0,0.0,0.0,0.3323454085029839
MEX,Tennis,0.0,0.0,0.0,0.11649537873061123
MEX,Wrestling,0.0,0.0,0.0,0.2757733776454232
MGL,Archery,0.0,0.0,0.0,0.042890798423498036
MGL,Athletics,0.0,0.0,0.0,0.30348079211714385
MGL,Boxing,0.0,0.0,0.0,0.30331558282635057
MGL,Cycling,0.0,0.0,0.0,0.0
MGL,Judo,0.0,0.0,0.0,0.34731703365181993
MGL,Shooting,0.0,0.0,0.0,0.17964717502920033
MGL,Weightlifting,0.0,0.0,0.0,0.16678682498835803
MGL,Wrestling,0.0,0.0,0.0,0.26178085481213603
MKD,Canoeing,0.0,0.0,0.0,0.0507648341674119
MKD,Shooting,0.0,0.0,0.0,0.21806484088978384
MKD,Swimming,0.0,0.0,0.0,0.17438170284755822
MKD,Wrestling,0.0,0.0,0.0,0.14350100568762308
MLI,Athletics,0.0,0.0,0.0,0.15106878419346476
MLI,Judo,0.0,0.0,0.0,0.1999735802685396
MLT,Athletics,0.0,0.0,0.0,0.23080368103879279
MLT,Judo,0.0,0.0,0.0,0.11924853345434287
MLT,Sailing,0.0,0.0,0.0,0.031262030700927104
MLT,Shooting,0.0,0.0,0.0,0.19648135644063222
MLT,Swimming,0.0,0.0,0.0,0.07337679067377056
MON,Judo,0.0,0.0,0.0,0.1033548119635354
MON,Shooting,0.0,0.0,0.0,0.0
MON,Swimming,0.0,0.0,0.0,0.06364527907937438
MOZ,Athletics,0.0,0.0,0.0,0.05657358140388832
MOZ,Boxing,0.0,0.0,0.0,0.02216203296874163
MOZ,Swimming,0.0,0.0,0.0,0.22936549400441505
MRI,Athletics,0.0,0.0,0.0,0.15975056137161972
MRI,Badminton,0.0,0.0,0.0,0.17809062256479358
MRI,Boxing,0.0,0.0,0.0,0.17041526774122934
MRI,Judo,0.0,0.0,0.0,0.03687357682800146
MRI,Sailing,0.0,0.0,0.0,0.0
MRI,Swimming,0.0,0.0,0.0,0.14536393992886085
MRI,Weightlifting,0.0,0.0,0.0,0.276173645616092
MTN,Athletics,0.0,0.0,0.0,0.17616766574977372
MYA,Athletics,0.0,0.0,0.0,0.15186992565879043
MYA,Judo,0.0,0.0,0.0,0.23685807778574128
MYA,Shooting,0.0,0.0,0.0,0.44655555746980236
NAM,Athletics,0.0,0.0,0.0,0.1535655383847204
NAM,Boxing,0.0,0.0,0.0,0.22995960971636767
NAM,Shooting,0.0,0.0,0.0,0.04586098621432527
NAM,Swimming,0.0,0.0,0.0,0.0
NCA,Athletics,0.0,0.0,0.0,0.12930868077665886
NCA,Baseball,0.0,0.0,0.0,0.4891588333203893
NCA,Boxing,0.0,0.0,0.0,0.0357423320195817
NCA,Cycling,0.0,0.0,0.0,0.0
NCA,Judo,0.0,0.0,0.0,0.017163467835803133
NCA,Shooting,0.0,0.0,0.0,0.16026413447002724
NCA,Swimming,0.0,0.0,0.0,0.13207322159370186
NCA,Weightlifting,0.0,0.0,0.0,0.13093885509972422
NCA,Wrestling,0.0,0.0,0.0,0.0
NED,Archery,0.0,0.0,0.0,0.416030728286995
NED,Athletics,0.0,0.0,0.0,0.4671233100184795
NED,Badminton,0.0,0.0,0.0,0.24472496506325114
NED,Baseball,0.0,0.0,0.0,10.427765031989235
NED,Beach Volleyball,0.0,0.0,0.0,0.2755759589459532
NED,Boxing,0.0,0.0,0.0,0.16454924653594874
NED,Canoeing,0.0,0.0,0.0,0.073369212361537
NED,Cycling,0.0,0.0,0.0,0.7977538190986564
NED,Diving,0.0,0.0,0.0,0.2289905965394485
NED,Equestrian,0.0,0.0,0.0,0.817231980893126
NED,Gymnastics,0.0,0.0,0.0,1.258568118057533
NED,Hockey,0.0,0.0,0.0,0.1795711749343281
NED,Judo,0.691918309122431,0.0,0.0,0.0
NED,Rowing,0.0,0.0,0.0,0.1948620362313186
NED,Sailing,0.0,0.0,0.0,0.15584356497445825
NED,Shooting,0.0,0.0,0.0,0.09214373194648166
NED,Softball,0.0,0.0,0.0,9.9041168385864
NED,Swimming,0.0,0.0,0.0,0.25148247882995417
NED,Synchronized Swimming,0.0,0.0,0.0,0.02627061403439255
NED,Table Tennis,0.0,0.0,0.0,0.08183220115189517
NED,Tennis,0.0,0.0,0.0,0.2634122493909067
NED,Volleyball,0.0,0.0,0.0,0.23863893947861692
NED,Water Polo,0.0,0.0,0.0,0.030564608447395055
NEP,Athletics,0.0,0.0,0.0,0.2642514986246606
NEP,Shooting,0.0,0.0,0.0,0.2033221105432738
NEP,Swimming,0.0,0.0,0.0,0.18243499935804908
NEP,Weightlifting,0.0,0.0,0.0,0.05040204949741315
NGR,Athletics,0.0,0.0,0.0,0.6555375691342303
NGR,Badminton,0.0,0.0,0.0,0.07319407493464104
NGR,Boxing,0.0,0.0,0.0,0.11818003467450118
NGR,Football,0.0,0.0,0.0,0.29676580048376217
NGR,Handball,0.0,0.0,0.0,0.0
NGR,Judo,0.0,0.0,0.0,0.04228317877916513
NGR,Swimming,0.0,0.0,0.0,0.18960216772641625
NGR,Table Tennis,0.0,0.0,0.0,0.31053371486490855
NGR,Tennis,0.0,0.0,0.0,0.0257452017537047
NGR,Weightlifting,0.0,0.0,0.0,0.05878319651017536
NGR,Wrestling,0.0,0.0,0.0,0.22720757389435633
NIG,Athletics,0.0,0.0,0.0,0.17402223227029834
NOR,Archery,0.0,0.0,0.0,0.04536059356605113
NOR,Athletics,0.0,0.0,0.0,0.26857946764406854
NOR,Badminton,0.0,0.0,0.0,0.0798841120637651
NOR,Beach Volleyball,0.0,0.0,0.0,0.06481871911751144
NOR,Boxing,0.0,0.0,0.0,0.008581733917901567
NOR,Canoeing,0.0,0.0,0.0,0.052656511603823015
NOR,Cycling,0.0,0.0,0.0,0.35288978193828985
NOR,Diving,0.0,0.0,0.0,0.1049605362295151
NOR,Equestrian,0.0,0.0,0.0,0.22155035599659673
NOR,Football,0.0,0.0,0.0,0.10742252763979346
NOR,Gymnastics,0.0,0.0,0.0,0.22354704918040025
NOR,Handball,0.0,0.0,0.0,0.08345844679121452
NOR,Judo,0.0,0.0,0.0,0.0
NOR,Rowing,0.0,0.0,0.0,0.07853015799033265
NOR,Sailing,0.0,0.0,0.0,0.17912243515304915
NOR,Shooting,0.0,0.0,0.0,0.2690671337468363
NOR,Swimming,0.0,0.0,0.0,0.14474174981346488
NOR,Tennis,0.0,0.0,0.0,0.10420504961977177
NOR,Weightlifting,0.0,0.0,0.0,0.03360136633160877
NOR,Wrestling,0.0,0.0,0.0,0.14682859186386646
NRU,Weightlifting,0.0,0.0,0.0,0.10937317330176219
NZL,Archery,0.0,0.0,0.0,0.0496514605250019
NZL,Athletics,0.0,0.0,0.0,0.2774461760808802
NZL,Badminton,0.0,0.0,0.0,0.066051829572187
NZL,Beach Volleyball,0.0,0.0,0.0,0.0
NZL,Boxing,0.0,0.0,0.0,0.014383161183829913
NZL,Canoeing,0.0,0.0,0.0,0.10246312414368654
NZL,Cycling,0.0,0.0,0.0,0.5194195100056707
NZL,Diving,0.0,0.0,0.0,0.2289905965394485
NZL,Equestrian,0.0,0.0,0.0,0.5284275423728916
NZL,Fencing,0.0,0.0,0.0,0.02627061403439255
NZL,Hockey,0.0,0.0,0.0,0.20010004872701065
NZL,Judo,0.0,0.0,0.0,0.1270356283202327
NZL,Rowing,0.0,0.0,0.0,0.18749851392464428
NZL,Sailing,0.0,0.0,0.0,0.23425495260784046
NZL,Shooting,0.0,0.0,0.0,0.20104333814310943
NZL,Swimming,0.0,0.0,0.0,0.2629618577321436
NZL,Table Tennis,0.0,0.0,0.0,0.018389429824074766
NZL,Tennis,0.0,0.0,0.0,0.16946108085877007
NZL,Wrestling,0.0,0.0,0.0,0.2645284261491514
OMA,Athletics,0.0,0.0,0.0,0.17444993277852083
OMA,Cycling,0.0,0.0,0.0,0.0257452017537047
OMA,Shooting,0.0,0.0,0.0,0.26477709512498976
OMA,Swimming,0.0,0.0,0.0,0.034395739660743954
PAK,Athletics,0.0,0.0,0.0,0.1321257493123303
PAK,Boxing,0.0,0.0,0.0,0.046026115788255724
PAK,Hockey,0.0,0.0,0.0,0.17473979345223256
PAK,Sailing,0.0,0.0,0.0,0.0
PAK,Swimming,0.0,0.0,0.0,0.2327324216806596
PAK,Wrestling,0.0,0.0,0.0,0.01287260087685235
PAN,Athletics,0.0,0.0,0.0,0.15538260612208646
PAN,Canoeing,0.0,0.0,0.0,0.0257452017537047
PAN,Shooting,0.0,0.0,0.0,0.42307284533293726
PAN,Swimming,0.0,0.0,0.0,0.10017049507704898
PAN,Weightlifting,0.0,0.0,0.0,0.031262030700927104
PAN,Wrestling,0.0,0.0,0.0,0.008581733917901567
PAR,Athletics,0.0,0.0,0.0,0.16783209101191376
PAR,Fencing,0.0,0.0,0.0,0.008581733917901567
PAR,Football,0.0,0.0,0.0,0.02317995355975814
PAR,Judo,0.0,0.0,0.0,0.14852911555725504
PAR,Sailing,0.0,0.0,0.0,0.0375294486205608
PAR,Swimming,0.0,0.0,0.0,0.07128201856326884
PAR,Tennis,0.0,0.0,0.0,0.04800195190229823
PER,Athletics,0.0,0.0,0.0,0.4739725086773013
PER,Badminton,0.0,0.0,0.0,0.19106249066055725
PER,Boxing,0.0,0.0,0.0,0.008581733917901567
PER,Canoeing,0.0,0.0,0.0,0.0
PER,Cycling,0.0,0.0,0.0,0.0
PER,Modern Pentathlon,0.0,0.0,0.0,0.0
PER,Shooting,0.0,0.0,0.0,0.16463876814675846
PER,Swimming,0.0,0.0,0.0,0.10114916853216589
PER,Table Tennis,0.0,0.0,0.0,0.016353457236409363
PER,Tennis,0.0,0.0,0.0,0.02627061403439255
PER,Volleyball,0.0,0.0,0.0,0.06252406140185429
PER,Weightlifting,0.0,0.0,0.0,0.2402535993276015
PER,Wrestling,0.0,0.0,0.0,0.24670903311570105
PHI,Athletics,0.0,0.0,0.0,0.1784153955229119
PHI,Badminton,0.0,0.0,0.0,0.0257452017537047
PHI,Boxing,0.0,0.0,0.0,0.10921166263894871
PHI,Cycling,0.0,0.0,0.0,0.05361349802937255
PHI,Equestrian,0.0,0.0,0.0,0.0367788596481495
PHI,Fencing,0.0,0.0,0.0,0.15630757442965765
PHI,Judo,0.0,0.0,0.0,0.17764355833930595
PHI,Sailing,0.0,0.0,0.0,0.0
PHI,Shooting,0.0,0.0,0.0,0.03880085443097162
PHI,Swimming,0.0,0.0,0.0,0.09311284932845047
PLE,Athletics,0.0,0.0,0.0,0.19700858970456214
PNG,Athletics,0.0,0.0,0.0,0.09848607385503325
PNG,Boxing,0.0,0.0,0.0,0.0944552174750893
PNG,Sailing,0.0,0.0,0.0,0.0
PNG,Weightlifting,0.0,0.0,0.0,0.09860758289746421
POL,Archery,0.0,0.0,0.0,0.24386442785434254
POL,Athletics,0.0,0.0,0.0,0.5902655426628289
POL,Badminton,0.0,0.0,0.0,0.254626226683478
POL,Boxing,0.0,0.0,0.0,0.08152337956305654
POL,Canoeing,0.0,0.0,0.0,0.24120303374338845
POL,Cycling,0.0,0.0,0.0,0.7242316708907451
POL,Diving,0.0,0.0,0.0,0.10420504961977177
POL,Equestrian,0.0,0.0,0.0,0.4786856950983383
POL,Fencing,0.0,0.0,0.0,0.343760954458149
POL,Football,0.0,0.0,0.0,0.0
POL,Gymnastics,0.0,0.0,0.0,0.20740234207672803
POL,Judo,0.0,0.0,0.0,0.16684594619691903
POL,Modern Pentathlon,0.0,0.0,0.460961309526852,0.0
POL,Rowing,0.0,0.0,0.0,0.22246201792341874
POL,Sailing,0.0,0.0,0.0,0.1532342073837191
POL,Shooting,0.0,0.0,0.0,0.2852999604350574
POL,Swimming,0.0,0.0,0.0,0.3155585905045909
POL,Table Tennis,0.0,0.0,0.0,0.4326788907911834
POL,Tennis,0.0,0.0,0.0,0.31128036459040714
POL,Volleyball,0.0,0.0,0.0,0.14422495516012426
POL,Weightlifting,0.0,0.0,0.0,0.16164483202512286
POL,Wrestling,0.0,0.0,0.0,0.2371247902740977
POR,Archery,0.0,0.0,0.0,0.01287260087685235
POR,Athletics,0.0,0.0,0.0,0.2572047836136064
POR,Badminton,0.0,0.0,0.0,0.10876391633558713
POR,Beach Volleyball,0.0,0.0,0.0,0.018389429824074776
POR,Canoeing,0.0,0.0,0.0,0.18906683593699203
POR,Cycling,0.0,0.0,0.0,0.5732152634684053
POR,Equestrian,0.0,0.0,0.0,0.3243183346180722
POR,Fencing,0.0,0.0,0.0,0.05316046397102435
POR,Football,0.0,0.0,0.0,0.6816336671209684
POR,Gymnastics,0.0,0.0,0.0,0.26288747945991753
POR,Judo,0.0,0.0,0.0,0.22863642331990552
POR,Modern Pentathlon,0.0,0.0,0.0,0.0
POR,Rowing,0.0,0.0,0.0,0.0187647243102804
POR,Sailing,0.0,0.0,0.0,0.23952804369879477
POR,Shooting,0.0,0.0,0.0,0.07414373514974484
POR,Swimming,0.0,0.0,0.0,0.17236240325391247
POR,Tennis,0.0,0.0,0.0,0.49073228788762835
POR,Weightlifting,0.0,0.0,0.0,0.0257452017537047
POR,Wrestling,0.0,0.0,0.0,0.0260954766074966
PRK,Archery,0.0,0.0,0.0,0.3951219457144357
PRK,Athletics,0.0,0.0,0.0,0.774938034910115
PRK,Boxing,0.0,0.0,0.0,0.041737512510332864
PRK,Cycling,0.0,0.0,0.0,0.0
PRK,Diving,0.0,0.0,0.0,0.40452416674690717
PRK,Gymnastics,0.0,0.0,0.0,0.24893717978749974
PRK,Judo,0.0,0.0,0.0,0.27828347754186306
PRK,Shooting,0.0,0.0,0.0,0.1897236329215276
PRK,Table Tennis,0.0,0.0,0.0,0.26938613340882944
PRK,Weightlifting,0.0,0.0,0.0,0.3475582505924779
PRK,Wrestling,0.0,0.0,0.2944159512148555,0.0
PUR,Archery,0.0,0.0,0.0,0.16918017530651
PUR,Athletics,0.0,0.0,0.0,0.27659971340373424
PUR,Baseball,0.0,0.0,0.0,0.0
PUR,Basketball,0.0,0.0,0.0,0.014142347221847993
PUR,Boxing,0.0,0.0,0.0,0.10987473695428143
PUR,Cycling,0.0,0.0,0.0,0.3145462195260917
PUR,Diving,0.0,0.0,0.0,0.1735017514935837
PUR,Equestrian,0.0,0.0,0.0,0.22721122237365618
PUR,Fencing,0.0,0.0,0.0,0.01838942982407475
PUR,Gymnastics,0.0,0.0,0.0,0.14485652320896072
PUR,Judo,0.0,0.0,0.0,0.08958219765553044
PUR,Sailing,0.0,0.0,0.0,0.03222528654885485
PUR,Shooting,0.0,0.0,0.0,0.19648865947785976
PUR,Softball,0.0,0.0,0.0,0.0
PUR,Swimming,0.0,0.0,0.0,0.06134761067814654
PUR,Tennis,0.0,0.0,0.0,0.21862948845575458
PUR,Weightlifting,0.0,0.0,0.0,0.12116531314288566
PUR,Wrestling,0.0,0.0,0.0,0.24463066991385027
QAT,Athletics,0.0,0.0,0.0,0.24989195286818258
QAT,Football,0.0,0.0,0.0,0.0
QAT,Sailing,0.0,0.0,0.0,0.0
QAT,Shooting,0.0,0.0,0.0,0.15350163017211038
QAT,Table Tennis,0.0,0.0,0.0,0.36815971755546417
ROU,Athletics,0.0,0.0,0.0,0.2732484833385618
ROU,Badminton,0.0,0.0,0.0,0.0
ROU,Boxing,0.0,0.0,0.0,0.12567794854411543
ROU,Canoeing,0.0,0.0,0.0,0.11925870907743828
ROU,Diving,0.0,0.0,0.0,0.047531046677940225
ROU,Fencing,0.0,0.0,0.0,0.2749809509181448
ROU,Gymnastics,0.0,0.0,0.0,1.0289714434749813
ROU,Handball,0.0,0.0,0.0,0.3360443814760721
ROU,Judo,0.0,0.0,0.0,0.16061988381053302
ROU,Modern Pentathlon,0.0,0.0,0.0,0.0625240614018542
ROU,Rowing,0.0,0.0,0.0,0.11401976126248267
ROU,Sailing,0.0,0.0,0.0,0.008581733917901567
ROU,Shooting,0.0,0.0,0.0,0.022930493107162633
ROU,Swimming,0.0,0.0,0.0,0.1384519861443827
ROU,Table Tennis,0.0,0.0,0.0,0.16974568105895602
ROU,Tennis,0.0,0.0,0.0,0.7072632305772654
ROU,Water Polo,0.0,0.0,0.0,0.06648609890622491
ROU,Weightlifting,0.0,0.0,0.0,0.2144912954411532
ROU,Wrestling,0.0,0.0,0.0,0.15178992722358534
RSA,Archery,0.0,0.0,0.0,0.1494704622935002
RSA,Athletics,0.0,0.0,0.0,0.4760478368882041
RSA,Badminton,0.0,0.0,0.0,0.24809242418524882
RSA,Boxing,0.0,0.0,0.0,0.07624435125310433
RSA,Canoeing,0.0,0.0,0.0,0.2170166079079922
RSA,Cycling,0.0,0.0,0.0,0.4339165648941655
RSA,Diving,0.0,0.0,0.0,0.17710742335901222
RSA,Equestrian,0.0,0.0,0.0,0.2557973455541348
RSA,Fencing,0.0,0.0,0.0,0.11371907485510654
RSA,Hockey,0.0,0.0,0.0,0.06444744564365805
RSA,Judo,0.0,0.0,0.0,0.15011660207874683
RSA,Modern Pentathlon,0.0,0.0,0.0,0.01287260087685235
RSA,Rowing,0.0,0.0,0.0,0.24365797439099013
RSA,Sailing,0.0,0.0,0.0,0.09382207202231416
RSA,Shooting,0.0,0.0,0.0,0.058964125132703916
RSA,Swimming,0.0,0.0,0.0,0.32389868482716916
RSA,Synchronized Swimming,0.0,0.0,0.0,0.0
RSA,Table Tennis,0.0,0.0,0.0,0.0
RSA,Tennis,0.0,0.0,0.0,0.07063042230389541
RSA,Weightlifting,0.0,0.0,0.0,0.0607619644332889
RSA,Wrestling,0.0,0.0,0.0,0.09539882676347429
RUS,Archery,0.0,0.0,0.0,0.4613503038509311
RUS,Athletics,0.0,0.0,0.0,0.476683737681787
RUS,Badminton,0.0,0.0,0.0,0.42695096963700047
RUS,Basketball,0.0,0.0,0.0,0.1753523682835045
RUS,Boxing,0.0,0.0,0.0,0.5911480292512284
RUS,Canoeing,0.0,0.0,0.0,0.3773181253441131
RUS,Cycling,0.0,0.0,0.0,0.6384388862573741
RUS,Diving,0.0,0.0,0.0,0.6347424107913049
RUS,Fencing,0.0,0.0,0.0,0.5152442940858668
RUS,Gymnastics,0.0,0.0,0.0,2.002742212764442
RUS,Handball,0.0,0.0,0.0,0.4402392361203822
RUS,Judo,0.0,0.0,0.0,0.5510922061655087
RUS,Modern Pentathlon,0.0,0.0,0.0,0.9030627753320799
RUS,Rowing,0.0,0.0,0.0,0.12351645493502672
RUS,Sailing,0.0,0.0,0.0,0.6063803953324156
RUS,Shooting,0.0,0.0,0.0,0.8617862764839318
RUS,Swimming,0.0,0.0,0.0,0.9693621156497357
RUS,Synchronized Swimming,0.0,0.0,0.0,0.3209727585564947
RUS,Table Tennis,0.0,0.0,0.0,0.5533312810565632
RUS,Tennis,0.0,0.0,0.0,1.1046062776166763
RUS,Volleyball,0.0,0.0,0.0,0.6083719162168517
RUS,Water Polo,0.0,0.0,0.0,0.2568137403663274
RUS,Weightlifting,0.0,0.0,0.0,0.3186722717706773
RUS,Wrestling,0.0,0.0,0.0,0.6620186708709903
RWA,Athletics,0.0,0.0,0.0,0.1721058243704862
RWA,Cycling,0.0,0.0,0.0,0.6569607353278513
SAM,Athletics,0.0,0.0,0.0,0.2575922045903006
SAM,Boxing,0.0,0.0,0.0,0.023332594342382933
SAM,Weightlifting,0.0,0.0,0.0,0.18800570717093293
SCG,Athletics,0.0,0.0,0.0,0.04348980741511709
SCG,Basketball,0.0,0.0,0.0,0.07784858625524997
SCG,Canoeing,0.0,0.0,0.0,0.048232847367144685
SCG,Diving,0.0,0.0,0.0,0.0257452017537047
SCG,Fencing,0.0,0.0,0.0,0.0
SCG,Judo,0.0,0.0,0.0,0.035202622806086006
SCG,Shooting,0.0,0.0,0.0,0.06205702826346507
SCG,Swimming,0.0,0.0,0.0,0.06038738479372363
SCG,Table Tennis,0.0,0.0,0.0,0.1596387180918628
SCG,Volleyball,0.0,0.0,0.0,0.09317311110864561
SCG,Water Polo,0.0,0.0,0.0,0.0924321450717781
SCG,Weightlifting,0.0,0.0,0.0,0.0257452017537047
SCG,Wrestling,0.0,0.0,0.0,0.03467721052539817
SEN,Athletics,0.0,0.0,0.0,0.11664139735895403
SEN,Judo,0.0,0.0,0.0,0.03943451491720449
SEN,Swimming,0.0,0.0,0.0,0.16413809265620674
SEN,Wrestling,0.0,0.0,0.0,0.039120307325723254
SEY,Athletics,0.0,0.0,0.0,0.10606568213893583
SEY,Boxing,0.0,0.0,0.0,0.046378356470308725
SEY,Sailing,0.0,0.0,0.0,0.32460411175640197
SEY,Swimming,0.0,0.0,0.0,0.11691789373505206
SEY,Weightlifting,0.0,0.0,0.0,0.25223085478736335
SGP,Athletics,0.0,0.0,0.0,0.2847513151648974
SGP,Badminton,0.0,0.0,0.0,0.17286093733069446
SGP,Fencing,0.0,0.0,0.0,0.0
SGP,Judo,0.0,0.0,0.0,0.0
SGP,Sailing,0.0,0.0,0.0,0.23143023622928519
SGP,Shooting,0.0,0.0,0.0,0.2314619582312475
SGP,Swimming,0.0,0.0,0.0,0.17611339095046794
SGP,Table Tennis,0.0,0.0,0.0,0.46017271514925606
SKN,Athletics,0.0,0.0,0.0,0.292845007338031
SLE,Athletics,0.0,0.0,0.0,0.13494163075414173
SLE,Boxing,0.0,0.0,0.0,0.05040204949741315
SLE,Swimming,0.0,0.0,0.0,0.3862637063024943
SLO,Archery,0.0,0.0,0.0,0.22446160957956102
SLO,Athletics,0.0,0.0,0.0,0.17934015001826445
SLO,Canoeing,0.0,0.0,0.0,0.07276380021891315
SLO,Cycling,0.0,0.0,0.0,0.7576313976725384
SLO,Gymnastics,0.0,0.0,0.0,0.17845130652367172
SLO,Judo,0.0,0.0,0.0,0.22367066824373505
SLO,Rowing,0.0,0.0,0.0,0.14214667424304664
SLO,Sailing,0.0,0.0,0.0,0.14819520089625346
SLO,Shooting,0.0,0.0,0.0,0.04940483843406682
SLO,Swimming,0.0,0.0,0.0,0.17038150686822828
SLO,Table Tennis,0.0,0.0,0.0,0.12296977393005216
SLO,Tennis,0.0,0.0,0.0,0.11627427385120173
SMR,Archery,0.0,0.0,0.0,0.2099210724590302
SMR,Athletics,0.0,0.0,0.0,0.1307260788089056
SMR,Cycling,0.0,0.0,0.0,0.0
SMR,Judo,0.0,0.0,0.0,0.008581733917901567
SMR,Sailing,0.0,0.0,0.0,0.0
SMR,Shooting,0.0,0.0,0.0,0.1768406962063161
SMR,Swimming,0.0,0.0,0.0,0.056735881303056
SMR,Tennis,0.0,0.0,0.0,0.0
SOL,Athletics,0.0,0.0,0.0,0.23351890121677354
SOL,Weightlifting,0.0,0.0,0.0,0.05200777376339285
SOM,Athletics,0.0,0.0,0.0,0.2165502392504694
SRI,Athletics,0.0,0.0,0.0,0.1174202623715796
SRI,Badminton,0.0,0.0,0.0,0.16496701405306066
SRI,Diving,0.0,0.0,0.0,0.0257452017537047
SRI,Shooting,0.0,0.0,0.0,0.06432666634670849
SRI,Swimming,0.0,0.0,0.0,0.17866119279080042
SRI,Weightlifting,0.0,0.0,0.0,0.22613537817986676
STP,Athletics,0.0,0.0,0.0,0.19218290809066227
SUD,Athletics,0.0,0.0,0.0,0.14087984949240018
SUD,Judo,0.0,0.0,0.0,0.15083680932461968
SUD,Table Tennis,0.0,0.0,0.0,0.0257452017537047
SUD,Weightlifting,0.0,0.0,0.0,0.0
SUI,Athletics,0.0,0.0,0.0,0.34654361484168056
SUI,Badminton,0.0,0.0,0.0,0.15567758196117137
SUI,Canoeing,0.0,0.0,0.0,0.09652243160500612
SUI,Cycling,0.0,0.0,0.0,0.47738103000342536
SUI,Diving,0.0,0.0,0.0,0.014886681286155766
SUI,Equestrian,0.0,0.0,0.0,0.648321132556621
SUI,Fencing,0.0,0.0,0.0,0.22783716256827527
SUI,Gymnastics,0.0,0.0,0.0,1.102508303338899
SUI,Handball,0.0,0.0,0.0,0.02574520175370471
SUI,Judo,0.0,0.0,0.0,0.1894401508994157
SUI,Modern Pentathlon,0.0,0.0,0.0,0.1946439061955605
SUI,Rowing,0.0,0.0,0.0,0.12357960315562472
SUI,Sailing,0.0,0.0,0.0,0.25366857334561094
SUI,Shooting,0.0,0.0,0.0,0.33963201967829304
SUI,Swimming,0.0,0.0,0.0,0.1748915140005357
SUI,Synchronized Swimming,0.0,0.0,0.0,0.38718714800608856
SUI,Table Tennis,0.0,0.0,0.0,0.01287260087685235
SUI,Tennis,0.0,0.0,0.0,0.1653771606624334
SUI,Wrestling,0.0,0.0,0.0,0.03371899109698227
SUR,Athletics,0.0,0.0,0.0,0.16505718119385313
SUR,Badminton,0.0,0.0,0.0,0.3681597175554642
SUR,Cycling,0.0,0.0,0.0,0.0
SUR,Swimming,0.0,0.0,0.0,0.16057279503725347
SVK,Athletics,0.0,0.0,0.0,0.1841469264502305
SVK,Boxing,0.0,0.0,0.0,0.01287260087685235
SVK,Canoeing,0.0,0.0,0.0,0.21317111854136878
SVK,Cycling,0.0,0.0,0.0,0.2023753461864989
SVK,Gymnastics,0.0,0.0,0.0,0.28054531941136973
SVK,Judo,0.0,0.0,0.0,0.11528300091260801
SVK,Rowing,0.0,0.0,0.0,0.038355096490213104
SVK,Sailing,0.0,0.0,0.0,0.038880508770900976
SVK,Shooting,0.0,0.0,0.0,0.1235983301056045
SVK,Swimming,0.0,0.0,0.0,0.21624526941769062
SVK,Table Tennis,0.0,0.0,0.0,0.26149971471835676
SVK,Tennis,0.0,0.0,0.0,0.45411580054779616
SVK,Weightlifting,0.0,0.0,0.0,0.18378310884767743
SVK,Wrestling,0.0,0.0,0.0,0.12294485660805082
SWE,Archery,0.0,0.0,0.0,0.10214872552540297
SWE,Athletics,0.0,0.0,0.0,0.22615656323452707
SWE,Badminton,0.0,0.0,0.0,0.07701132212769123
SWE,Beach Volleyball,0.0,0.0,0.0,0.03152473684127105
SWE,Boxing,0.0,0.0,0.0,0.035724014074421676
SWE,Canoeing,0.0,0.0,0.0,0.18504797095313302
SWE,Cycling,0.0,0.0,0.0,0.28424378782017234
SWE,Diving,0.0,0.0,0.0,0.1144273294840592
SWE,Equestrian,0.0,0.0,0.0,0.6818600046135258
SWE,Fencing,0.0,0.0,0.0,0.0187647243102804
SWE,Football,0.0,0.0,0.0,0.4801052288256152
SWE,Gymnastics,0.0,0.0,0.0,0.15525015368864103
SWE,Handball,0.7540933910695168,0.0,0.0,0.0
SWE,Judo,0.0,0.0,0.0,0.16828448601275575
SWE,Modern Pentathlon,0.0,0.0,0.0,0.10048380914406248
SWE,Rowing,0.0,0.0,0.0,0.11243358908168763
SWE,Sailing,0.0,0.0,0.0,0.2876060828376396
SWE,Shooting,0.0,0.0,0.0,0.20845264570823782
SWE,Swimming,0.0,0.0,0.0,0.20220064530581733
SWE,Table Tennis,0.0,0.0,0.0,0.4349939238504489
SWE,Tennis,0.0,0.0,0.0,0.21017603095393492
SWE,Weightlifting,0.0,0.0,0.0,0.08987034843602619
SWE,Wrestling,0.0,0.0,0.0,0.2135940963388241
SWZ,Athletics,0.0,0.0,0.0,0.1041436770137477
SWZ,Boxing,0.0,0.0,0.0,0.015631015350463552
SWZ,Swimming,0.0,0.0,0.0,0.09718344591676417
SYR,Athletics,0.0,0.0,0.0,0.06805455589401571
SYR,Boxing,0.0,0.0,0.0,0.17338515229536217
SYR,Shooting,0.0,0.0,0.0,0.049136770943919925
SYR,Swimming,0.0,0.0,0.0,0.1109645185734575
SYR,Weightlifting,0.0,0.0,0.0,0.13522972205867503
SYR,Wrestling,0.0,0.0,0.0,0.0
TAN,Athletics,0.0,0.0,0.0,0.4142253103847179
TAN,Boxing,0.0,0.0,0.0,0.022673914223736356
TCH,Archery,0.0,0.0,0.0,0.0
TCH,Athletics,0.0,0.0,0.0,0.0
TCH,Badminton,0.0,0.0,0.0,0.0
TCH,Basketball,0.0,0.0,0.0,0.0
TCH,Boxing,0.0,0.0,0.0,0.0
TCH,Canoeing,0.0,0.0,0.0,0.0
TCH,Cycling,0.0,0.0,0.0,0.0
TCH,Diving,0.0,0.0,0.0,0.0
TCH,Equestrian,0.0,0.0,0.0,0.0
TCH,Fencing,0.0,0.0,0.0,0.0
TCH,Gymnastics,0.0,0.0,0.0,0.0
TCH,Handball,0.0,0.0,0.0,0.0
TCH,Judo,0.0,0.0,0.0,0.0
TCH,Modern Pentathlon,0.0,0.0,0.0,0.0
TCH,Rowing,0.0,0.0,0.0,0.0
TCH,Sailing,0.0,0.0,0.0,0.0
TCH,Shooting,0.0,0.0,0.0,0.0
TCH,Swimming,0.0,0.0,0.0,0.0
TCH,Synchronized Swimming,0.0,0.0,0.0,0.0
TCH,Table Tennis,0.0,0.0,0.0,0.0
TCH,Tennis,0.0,0.0,0.0,0.0
TCH,Water Polo,0.0,0.0,0.0,0.0
TCH,Weightlifting,0.0,0.0,0.0,0.0
TCH,Wrestling,0.0,0.0,0.0,0.0
TGA,Athletics,0.0,0.0,0.0,0.2076891149217293
TGA,Boxing,0.0,0.0,0.0,0.03467721052539817
TGA,Weightlifting,0.0,0.0,0.0,0.02016081979896526
THA,Athletics,0.0,0.0,0.0,0.14290866844325234
THA,Badminton,0.0,0.0,0.0,0.3075618057369179
THA,Boxing,0.6473000324098641,0.0,0.0,0.0
THA,Diving,0.0,0.0,0.0,0.0380048216364212
THA,Judo,0.0,0.0,0.0,0.1748224306617073
THA,Sailing,0.0,0.0,0.0,0.17430254385377555
THA,Shooting,0.0,0.0,0.0,0.33652176346020846
THA,Swimming,0.0,0.0,0.0,0.08035796264385059
THA,Tennis,0.0,0.0,0.0,0.17244438936790754
THA,Weightlifting,0.0,0.0,0.0,0.4261440065909042
TJK,Athletics,0.0,0.0,0.0,0.20221892815471665
TJK,Boxing,0.0,0.0,0.0,0.08047734259390014
TJK,Diving,0.0,0.0,0.0,0.0257452017537047
TJK,Judo,0.0,0.0,0.0,0.2388995302564535
TJK,Wrestling,0.0,0.0,0.0,0.09152415894090686
TKM,Athletics,0.0,0.0,0.0,0.14849195499451012
TKM,Boxing,0.0,0.0,0.0,0.18972577746144875
TKM,Judo,0.0,0.0,0.0,0.21550211568397987
TKM,Shooting,0.0,0.0,0.0,0.0511151090212038
TKM,Table Tennis,0.0,0.0,0.0,0.0257452017537047
TKM,Wrestling,0.0,0.0,0.0,0.031262030700927104
TOG,Athletics,0.0,0.0,0.0,0.16258513280318243
TOG,Cycling,0.0,0.0,0.0,0.0
TPE,Archery,0.0,0.0,0.0,0.7692667086617416
TPE,Athletics,0.0,0.0,0.0,0.23542427030013524
TPE,Badminton,0.0,0.0,0.0,0.24992079035511985
TPE,Baseball,0.0,0.0,0.0,10.452290628262697
TPE,Boxing,0.0,0.0,0.0,0.094803052026974
TPE,Cycling,0.0,0.0,0.0,0.3024199783852795
TPE,Diving,0.0,0.0,0.0,0.0404567456129645
TPE,Judo,0.0,0.0,0.0,0.1183688481023655
TPE,Sailing,0.0,0.0,0.0,0.07614725125111785
TPE,Shooting,0.0,0.0,0.0,0.3131229335532969
TPE,Softball,0.0,0.0,0.0,5.25241592816574
TPE,Swimming,0.0,0.0,0.0,0.11981153391740651
TPE,Table Tennis,0.0,0.0,0.0,0.47120476872012446
TPE,Tennis,0.0,0.0,0.0,0.10763462834913488
TPE,Weightlifting,0.0,0.0,0.0,0.13534527347512262
TTO,Athletics,0.0,0.0,0.0,0.28821446084793223
TTO,Badminton,0.0,0.0,0.0,0.0257452017537047
TTO,Boxing,0.0,0.0,0.0,0.18407985877773214
TTO,Cycling,0.0,0.0,0.0,0.05361349802937255
TTO,Swimming,0.0,0.0,0.0,0.0951650568329826
TTO,Table Tennis,0.0,0.0,0.0,0.0257452017537047
TUN,Athletics,0.0,0.0,0.0,0.14825283852145987
TUN,Boxing,0.0,0.0,0.0,0.190940328996787
TUN,Fencing,0.0,0.0,0.0,0.17279868570771093
TUN,Football,0.0,0.0,0.0,0.07828642982248983
TUN,Judo,0.0,0.0,0.0,0.14074333106986417
TUN,Sailing,0.0,0.0,0.0,0.12718591023766815
TUN,Table Tennis,0.0,0.0,0.0,0.2783993582936335
TUN,Tennis,0.0,0.0,0.0,0.13820358568262753
TUN,Volleyball,0.0,0.0,0.0,0.08828892143816977
TUN,Weightlifting,0.0,0.0,0.0,0.15533593528548803
TUN,Wrestling,0.0,0.0,0.0,0.12798086320739185
TUR,Archery,0.0,0.0,0.0,0.40979214231256944
TUR,Athletics,0.0,0.0,0.0,0.31419609002037757
TUR,Boxing,0.0,0.0,0.0,0.24628877024289508
TUR,Judo,0.0,0.0,0.0,0.2788884084964803
TUR,Rowing,0.0,0.0,0.0,0.2289905965394485
TUR,Sailing,0.0,0.0,0.0,0.1107030938810001
TUR,Shooting,0.0,0.0,0.0,0.2963790816506166
TUR,Swimming,0.0,0.0,0.0,0.1544597639983162
TUR,Weightlifting,0.0,0.0,0.0,0.2520742293875323
TUR,Wrestling,0.0,0.0,0.0,0.3279090560753422
UAE,Athletics,0.0,0.0,0.0,0.19238878022855238
UAE,Cycling,0.0,0.0,0.0,0.31454621952609163
UAE,Shooting,0.0,0.0,0.0,0.31144604948252014
UAE,Swimming,0.0,0.0,0.0,0.10885011931160357
UGA,Athletics,0.0,0.0,0.0,0.5238567066650768
UGA,Boxing,0.0,0.0,0.0,0.13408195032938555
UGA,Table Tennis,0.0,0.0,0.0,0.0257452017537047
UGA,Weightlifting,0.0,0.0,0.0,0.24750429088519488
UKR,Archery,0.0,0.0,0.0,0.4370826515470475
UKR,Athletics,0.0,0.0,0.0,0.5476932439217745
UKR,Badminton,0.0,0.0,0.0,0.29647185366954226
UKR,Basketball,0.0,0.0,0.0,0.02574520175370471
UKR,Boxing,0.0,0.0,0.0,0.2650321325180034
UKR,Canoeing,0.0,0.0,0.0,0.16905130078937602
UKR,Cycling,0.0,0.0,0.0,0.43023093041138105
UKR,Diving,0.0,0.0,0.0,0.22433317146176093
UKR,Fencing,0.0,0.0,0.0,0.3289390643983452
UKR,Gymnastics,0.0,0.0,0.0,0.9915533153798126
UKR,Judo,0.0,0.0,0.0,0.3660193082676115
UKR,Modern Pentathlon,0.0,0.0,0.0,0.6292375002966327
UKR,Rowing,0.0,0.0,0.0,0.18190654697398173
UKR,Sailing,0.0,0.0,0.0,0.2534289172945772
UKR,Shooting,0.0,0.0,0.0,0.3294385245693116
UKR,Swimming,0.0,0.0,0.0,0.21524429458163022
UKR,Volleyball,0.0,0.0,0.0,0.02574520175370471
UKR,Water Polo,0.0,0.0,0.0,0.02574520175370471
UKR,Weightlifting,0.0,0.0,0.0,0.4427359542828474
UKR,Wrestling,0.0,0.0,0.0,0.29294711209263036
URU,Athletics,0.0,0.0,0.0,0.2435504575746371
URU,Boxing,0.0,0.0,0.0,0.0
URU,Canoeing,0.0,0.0,0.0,0.08353952099937709
URU,Cycling,0.0,0.0,0.0,0.09651501915247647
URU,Diving,0.0,0.0,0.0,0.0257452017537047
URU,Judo,0.0,0.0,0.0,0.15461965895181556
URU,Modern Pentathlon,0.0,0.0,0.0,0.0
URU,Rowing,0.0,0.0,0.0,0.2780469472363244
URU,Sailing,0.0,0.0,0.0,0.1415078986760226
URU,Shooting,0.0,0.0,0.0,0.0730215843160054
URU,Swimming,0.0,0.0,0.0,0.1398643467650203
URU,Tennis,0.0,0.0,0.0,0.6290924390521833
URU,Weightlifting,0.0,0.0,0.0,0.20969747968406113
USA,Archery,0.0,0.0,0.0,0.392935812926622
USA,Athletics,0.0,0.0,0.0,1.1274249256230733
USA,Badminton,0.0,0.0,0.0,0.3733738924092524
USA,Baseball,0.0,0.0,0.0,17.038221994338286
USA,Basketball,0.0,0.0,0.17258905528444998,0.0
USA,Beach Volleyball,0.0,0.0,0.0,0.2936079654498321
USA,Boxing,0.0,0.0,0.0,0.23993125332174495
USA,Canoeing,0.0,0.0,0.0,0.16710989034061843
USA,Cycling,0.0,0.0,0.0,0.589923135701211
USA,Diving,0.0,0.0,0.0,0.6319686634130175
USA,Equestrian,0.0,0.0,0.0,1.0708981065365535
USA,Fencing,0.0,0.0,0.0,0.4291970295041791
USA,Football,0.0,0.0,0.0,0.12872035926110986
USA,Gymnastics,0.0,0.0,0.0,1.2119185939416273
USA,Handball,0.0,0.0,0.0,0.0
USA,Hockey,0.0,0.0,0.0,0.13311283294741671
USA,Judo,0.0,0.0,0.0,0.19942854122726844
USA,Modern Pentathlon,0.0,0.0,0.0,0.4476769163451646
USA,Rowing,0.0,0.0,0.0,0.21638948638250144
USA,Sailing,0.0,0.0,0.0,0.33014509260570346
USA,Shooting,0.0,0.0,0.0,0.5054604242425068
USA,Softball,0.0,0.0,0.0,1.343898449894971
USA,Swimming,0.0,0.0,0.0,0.6459051824807539
USA,Synchronized Swimming,0.0,0.0,0.0,0.22292373223722994
USA,Table Tennis,0.0,0.0,0.0,0.5363322235193355
USA,Tennis,0.0,0.0,0.0,0.8666353684555718
USA,Volleyball,0.0,0.0,0.0,0.19585766881183564
USA,Water Polo,0.0,0.0,0.0,0.2162749475047845
USA,Weightlifting,0.0,0.0,0.0,0.12132103722629296
USA,Wrestling,0.0,0.0,0.0,0.36918065283705503
UZB,Athletics,0.0,0.0,0.0,0.27158255873810894
UZB,Boxing,0.0,0.0,0.0,0.2621007843309992
UZB,Canoeing,0.0,0.0,0.0,0.24550882670800592
UZB,Cycling,0.0,0.0,0.0,0.1855134258812349
UZB,Fencing,0.0,0.0,0.0,0.028291842910099882
UZB,Gymnastics,0.0,0.0,0.0,0.3194325599887916
UZB,Judo,0.0,0.0,0.0,0.3635554630277238
UZB,Shooting,0.0,0.0,0.0,0.15705207088016773
UZB,Swimming,0.0,0.0,0.0,0.14295959822127707
UZB,Tennis,0.0,0.0,0.0,0.09018505215180857
UZB,Weightlifting,0.0,0.0,0.0,0.2525059526448579
UZB,Wrestling,0.0,0.0,0.0,0.27352205020885106
VAN,Athletics,0.0,0.0,0.0,0.08148035059144389
VEN,Athletics,0.0,0.0,0.0,0.22708744969981876
VEN,Basketball,0.0,0.0,0.0,0.6033472372984786
VEN,Boxing,0.0,0.0,0.0,0.35510246410474394
VEN,Cycling,0.0,0.0,0.0,0.28322517542146386
VEN,Diving,0.0,0.0,0.0,0.41887272534144776
VEN,Fencing,0.0,0.0,0.0,0.3254587208144698
VEN,Judo,0.0,0.0,0.0,0.09701534130909939
VEN,Sailing,0.0,0.0,0.0,0.4090079433039666
VEN,Swimming,0.0,0.0,0.0,0.23616992014265822
VEN,Synchronized Swimming,0.0,0.0,0.0,0.0
VEN,Table Tennis,0.0,0.0,0.0,0.3329356493501664
VEN,Tennis,0.0,0.0,0.0,0.0656577703616711
VEN,Weightlifting,0.0,0.0,0.0,0.22389981185716318
VEN,Wrestling,0.0,0.0,0.0,0.3442418842082805
VIE,Athletics,0.0,0.0,0.0,0.1914700261891153
VIE,Judo,0.0,0.0,0.0,0.14852911555725504
VIE,Shooting,0.0,0.0,0.0,0.30706356579129385
VIE,Swimming,0.0,0.0,0.0,0.14792354139674913
VIN,Athletics,0.0,0.0,0.0,0.1170188228384244
YEM,Athletics,0.0,0.0,0.0,0.16487430282041393
YEM,Judo,0.0,0.0,0.0,0.14157446905698795
YEM,Wrestling,0.0,0.0,0.0,0.5827446485280544
ZAM,Athletics,0.0,0.0,0.0,0.2368518671647839
ZAM,Boxing,0.0,0.0,0.0,0.09054535413650015
ZAM,Judo,0.0,0.0,0.0,0.20463787644330783
ZIM,Athletics,0.0,0.0,0.0,0.2360842108938885
ZIM,Boxing,0.0,0.0,0.0,0.0257452017537047
ZIM,Cycling,0.0,0.0,0.0,0.05040204949741315
ZIM,Diving,0.0,0.0,0.0,0.0
ZIM,Judo,0.0,0.0,0.0,0.0
ZIM,Rowing,0.0,0.0,0.0,0.30136881887910144
ZIM,Swimming,0.0,0.0,0.0,0.10696855343735784
ZIM,Tennis,0.0,0.0,0.0,0.042295688595372
