NOC,Sport,a_max,alpha,beta
AFG,Athletics,1,0.243438091,0.05
AFG,Swimming,1,0.218008577,0.05
AFG,Wrestling,1,0.255635091,0.05
AHO,Equestrian,1.646391273,0.84372511,0.05
AHO,Fencing,1,0.218008577,0.05
AHO,Sailing,1,0.218008577,0.05
AHO,Shooting,1,0.218008577,0.05
AHO,Swimming,1,0.218008577,0.05
AHO,Weightlifting,1,0.218008577,0.05
AIN,Canoeing,1,0.218008577,0.05
AIN,Cycling Road,1,0.218008577,0.05
AIN,Gymnastics,6.887077424,0.490150648,0.05
AIN,Rowing,1,0.218008577,0.05
AIN,Swimming,1,0.218008577,0.05
AIN,Tennis,1,0.218008577,0.05
AIN,Wrestling,10.98309508,0.05,0.457007293
ALB,Athletics,1,0.268177262,0.05
ALB,Shooting,1,0.218008577,0.05
ALB,Swimming,1,0.293261605,0.05
ALB,Weightlifting,1,0.218008577,0.05
ALB,Wrestling,1,0.218008577,0.05
ALG,Athletics,2.881254959,0.477509698,0.099920236
ALG,Boxing,1,0.494980098,0.05
ALG,Fencing,1,0.260045929,0.05
ALG,Gymnastics,1,0.218008577,0.05
ALG,Handball,1,0.05,0.05
ALG,Judo,1.783338209,0.212484367,0.075462447
ALG,Rowing,1,0.218008577,0.05
ALG,Shooting,1,0.218008577,0.05
ALG,Swimming,1,0.266496217,0.05
ALG,Volleyball,1,0.05,0.05
ALG,Weightlifting,1,0.218008577,0.05
ALG,Wrestling,1,0.218008577,0.05
AND,Athletics,1.014377453,0.335607005,0.05
AND,Cycling,1,0.218008577,0.05
AND,Judo,1,0.218008577,0.05
AND,Sailing,1,0.218008577,0.05
AND,Shooting,1,0.343065686,0.05
AND,Swimming,1,0.218008577,0.05
ANG,Athletics,1,0.268453399,0.05
ANG,Basketball,1,0.05,0.05
ANG,Canoeing,1,0.218008577,0.05
ANG,Handball,1,0.05,0.05
ANG,Judo,1,0.33071928,0.05
ANG,Shooting,1,0.592123625,0.05
ANG,Swimming,1,0.24165955,0.05
ANT,Athletics,1,0.208229005,0.05
ANT,Cycling,1,0.218008577,0.05
ANT,Sailing,1,0.218008577,0.05
ARG,Athletics,1,0.279424578,0.05
ARG,Basketball,1,0.106242316,0.083383062
ARG,Beach Volleyball,1,0.059248248,0.05
ARG,Boxing,1,0.218008577,0.05
ARG,Canoeing,1,0.229310583,0.05
ARG,Cycling,1.000987759,0.52154152,0.05
ARG,Cycling Road,1,0.218008577,0.05
ARG,Diving,1,0.319726634,0.05
ARG,Equestrian,1.556213888,0.207939805,0.072611516
ARG,Fencing,1,0.228396641,0.05
ARG,Football,1,0.057233731,0.05
ARG,Gymnastics,1,0.368514632,0.05
ARG,Handball,1,0.05,0.05
ARG,Hockey,1,0.05,0.054057855
ARG,Judo,1.001196051,0.433124667,0.05
ARG,Modern Pentathlon,1,0.302083281,0.05
ARG,Rowing,1,0.51602624,0.05
ARG,Sailing,2.009415675,0.636935589,0.086378737
ARG,Shooting,1,0.328284474,0.05
ARG,Swimming,1.006434044,0.282168013,0.052462051
ARG,Synchronized Swimming,1,0.05,0.05
ARG,Table Tennis,1,0.223308378,0.05
ARG,Taekwondo,1,0.218008577,0.05
ARG,Tennis,1.486537061,0.467011571,0.064124611
ARG,Triathlon,1,0.218008577,0.05
ARG,Volleyball,1,0.05,0.051099455
ARG,Water Polo,1,0.05,0.05
ARG,Weightlifting,1,0.867184683,0.112411552
ARG,Wrestling,1,0.255635091,0.05
ARM,Athletics,1,0.302083281,0.05
ARM,Boxing,1,0.218008577,0.05
ARM,Diving,1,0.218008577,0.05
ARM,Gymnastics,1,0.803206235,0.05
ARM,Judo,1,0.268867606,0.05
ARM,Shooting,1,0.823050224,0.09659587
ARM,Swimming,1,0.218008577,0.05
ARM,Tennis,1,0.319726634,0.05
ARM,Weightlifting,5.97232273,1.680209014,0.13569918
ARM,Wrestling,2.567867078,0.586684761,0.094786226
ARU,Athletics,1,0.218008577,0.05
ARU,Cycling,1,0.218008577,0.05
ARU,Judo,1,0.218008577,0.05
ARU,Sailing,1,0.218008577,0.05
ARU,Swimming,1,0.218008577,0.05
ASA,Athletics,1,0.218008577,0.05
ASA,Boxing,1,0.218008577,0.05
ASA,Swimming,1,0.218008577,0.05
ASA,Weightlifting,1,0.218008577,0.05
AUS,Archery,1.004939109,0.417280473,0.05
AUS,Artistic Swimming,1,0.218008577,0.05
AUS,Athletics,1.819502508,0.436930366,0.080120661
AUS,Badminton,1,0.246033478,0.05
AUS,Baseball,1,2.270509904,0.05
AUS,Basketball,1,0.050854745,0.052103582
AUS,Beach Volleyball,1.332610449,0.341589007,0.08111392
AUS,Boxing,1,0.55908106,0.05
AUS,Canoeing,3.50679885,0.801906864,0.113508397
AUS,Cycling,3.643652639,0.388788868,0.146340898
AUS,Cycling BMX Freestyle,6.122278015,1.191031345,0.289145758
AUS,Cycling BMX Racing,1.00987759,1.757734257,0.05
AUS,Cycling Road,1.00987759,1.757734257,0.05
AUS,Cycling Track,1,1.470541267,0.05
AUS,Diving,2.010630723,0.572147165,0.0891722
AUS,Equestrian,2.069513996,0.37376437,0.086116322
AUS,Fencing,1,0.215502681,0.05
AUS,Football,1,0.05,0.05
AUS,Golf,1,0.218008577,0.05
AUS,Gymnastics,1,0.218125617,0.05
AUS,Hockey,1,0.050644102,0.06249453
AUS,Judo,1,0.302719568,0.051253405
AUS,Modern Pentathlon,1.915937103,0.498861489,0.066999657
AUS,Rowing,2.351554775,0.253760414,0.101519252
AUS,Sailing,3.707227378,0.838649746,0.115074605
AUS,Shooting,2.057105868,0.373323684,0.067774891
AUS,Skateboarding,2.962359141,0.308722601,0.05
AUS,Softball,6.227760179,0.782911298,0.075428262
AUS,Swimming,2.873872916,0.424311134,0.108758771
AUS,Synchronized Swimming,1,0.065273507,0.05
AUS,Table Tennis,1,0.160678378,0.05
AUS,Taekwondo,1,0.218008577,0.05
AUS,Tennis,1.730044142,0.441304844,0.063407687
AUS,Triathlon,2.363359169,0.710873477,0.08889355
AUS,Volleyball,1,0.05,0.05
AUS,Water Polo,1.000704406,0.05,0.055202023
AUS,Weightlifting,2.648236806,0.415546267,0.078875437
AUS,Wrestling,1,0.227255673,0.05
AUT,Athletics,1.804340651,0.395114878,0.076524444
AUT,Badminton,1,0.218008577,0.05
AUT,Beach Volleyball,1,0.05,0.05
AUT,Boxing,1,0.218008577,0.05
AUT,Canoeing,1.885502881,0.403558257,0.062481405
AUT,Cycling,1,0.230959159,0.05
AUT,Cycling Mountain Bike,1,0.218008577,0.05
AUT,Cycling Road,11.24455603,0.05,0.528291515
AUT,Diving,1,0.300284228,0.05
AUT,Equestrian,1.604957068,0.389026664,0.077544072
AUT,Fencing,1.001250213,0.212248013,0.05
AUT,Gymnastics,1,0.256866993,0.05
AUT,Handball,1,0.05,0.067338064
AUT,Judo,4.498899323,0.584426606,0.152892739
AUT,Modern Pentathlon,1,0.218008577,0.05
AUT,Rowing,3.459536052,0.319296131,0.134952583
AUT,Sailing,2.108143485,0.792149688,0.086419007
AUT,Shooting,1.435451433,0.477304252,0.068605894
AUT,Swimming,1.011152379,0.390353018,0.057093084
AUT,Synchronized Swimming,1,0.05,0.05
AUT,Table Tennis,1.003594363,0.190993389,0.05
AUT,Taekwondo,1,0.218008577,0.05
AUT,Tennis,1,0.234961587,0.05
AUT,Triathlon,3.048911206,0.184406862,0.145658303
AUT,Weightlifting,1,0.268571744,0.05
AUT,Wrestling,1,0.280823734,0.05
AZE,Athletics,1,0.218008577,0.05
AZE,Badminton,1,0.218008577,0.05
AZE,Boxing,2.566676418,0.894691852,0.100924894
AZE,Canoeing,4.024846613,1.627818486,0.105502972
AZE,Cycling,1,0.218008577,0.05
AZE,Diving,1,0.218008577,0.05
AZE,Equestrian,1,0.218008577,0.05
AZE,Fencing,1,0.218008577,0.05
AZE,Gymnastics,1,0.218008577,0.05
AZE,Judo,2.026431121,1.270844275,0.097829152
AZE,Shooting,4.335901562,0.439916135,0.08631535
AZE,Swimming,1,0.218008577,0.05
AZE,Taekwondo,1,0.218008577,0.05
AZE,Triathlon,1,0.218008577,0.05
AZE,Weightlifting,1,0.251914596,0.05
AZE,Wrestling,5.674816696,0.594710711,0.182156261
BAH,Athletics,1.38120643,0.537561153,0.071174184
BAH,Sailing,1,0.590246306,0.060775686
BAH,Swimming,1,0.276133181,0.05
BAH,Tennis,1.009584968,0.296407529,0.05
BAN,Athletics,1,0.337354128,0.05
BAN,Swimming,1,0.218008577,0.05
BAR,Athletics,1,0.233349674,0.052981999
BAR,Cycling,1,0.218008577,0.05
BAR,Judo,1,0.218008577,0.05
BAR,Sailing,1,0.218008577,0.05
BAR,Shooting,1,0.390687762,0.05
BAR,Swimming,1,0.283102895,0.05
BAR,Weightlifting,1,0.218008577,0.05
BDI,Athletics,2.280569504,0.547293639,0.109786439
BDI,Swimming,1,0.319726634,0.05
BEL,Archery,1,0.268867606,0.05
BEL,Athletics,1.458087228,0.358046986,0.061602433
BEL,Badminton,1,0.218008577,0.05
BEL,Canoeing,1.773511964,0.236064084,0.079778207
BEL,Cycling,2.245704147,0.642606403,0.084792969
BEL,Cycling Mountain Bike,1,0.218008577,0.05
BEL,Cycling Road,2.431800777,1.375858328,0.108143899
BEL,Diving,1,0.218008577,0.05
BEL,Equestrian,1.648279897,0.354955814,0.071210236
BEL,Fencing,1,0.226381169,0.05
BEL,Golf,1,0.218008577,0.05
BEL,Gymnastics,1.602620943,0.22009255,0.078134795
BEL,Hockey,1,0.05,0.05
BEL,Judo,3.268027147,0.793911929,0.135884413
BEL,Rowing,4.019554214,0.164411457,0.18398239
BEL,Sailing,3.78124029,0.423198486,0.118033121
BEL,Shooting,1.626670567,0.244500369,0.070369957
BEL,Swimming,1.52440294,0.341321217,0.069258288
BEL,Synchronized Swimming,1,0.218008577,0.05
BEL,Table Tennis,1,0.235479136,0.05
BEL,Tennis,1,0.247070879,0.05
BEL,Triathlon,1,0.218008577,0.05
BEL,Water Polo,1,0.05,0.05
BEL,Weightlifting,1,0.808567602,0.05
BEL,Wrestling,1.061338085,0.850784809,0.089011961
BEN,Athletics,1,0.215508217,0.05
BEN,Boxing,1,0.218008577,0.05
BEN,Swimming,1,0.218008577,0.05
BER,Athletics,1,0.310132578,0.05
BER,Equestrian,1,0.255635091,0.05
BER,Rowing,1,0.218008577,0.05
BER,Sailing,1,0.251914596,0.05
BER,Swimming,1,0.218008577,0.05
BER,Triathlon,4.41485201,0.246080422,0.209430505
BHU,Archery,1,0.234961587,0.05
BHU,Swimming,1,0.218008577,0.05
BIH,Athletics,1,0.268453399,0.05
BIH,Judo,1,0.268867606,0.05
BIH,Shooting,1.017252943,0.419329112,0.05
BIH,Swimming,1,0.251914596,0.05
BIZ,Athletics,1,0.318345947,0.05
BIZ,Cycling,1,0.218008577,0.05
BIZ,Shooting,1,0.218008577,0.05
BLR,Archery,1,0.286371894,0.05
BLR,Athletics,2.475548966,0.370682909,0.096989236
BLR,Basketball,1,0.05,0.05
BLR,Boxing,3.49577377,0.176006433,0.151751823
BLR,Canoeing,3.74752188,0.890624445,0.108240635
BLR,Cycling,1,0.276016311,0.05
BLR,Diving,1,0.238352188,0.05
BLR,Equestrian,1,0.218008577,0.05
BLR,Fencing,1,0.259569411,0.05
BLR,Gymnastics,2.376688239,0.360486715,0.088628011
BLR,Judo,2.342865501,0.215508217,0.093649909
BLR,Modern Pentathlon,1,0.285820615,0.05
BLR,Rowing,2.620783566,0.277659504,0.064370096
BLR,Sailing,1.009584968,0.330313548,0.05
BLR,Shooting,1.901374265,0.485261855,0.080761739
BLR,Swimming,1.695238019,0.42442881,0.091716872
BLR,Synchronized Swimming,1,0.05,0.05
BLR,Table Tennis,1.003194989,0.240587775,0.053629858
BLR,Tennis,1.016728514,0.57322755,0.056401334
BLR,Weightlifting,7.339775705,1.498497961,0.184482122
BLR,Wrestling,3.022944174,0.410862878,0.124734387
BOL,Athletics,1,0.243438091,0.05
BOL,Canoeing,1,0.218008577,0.05
BOL,Equestrian,1,0.319726634,0.05
BOL,Shooting,1,0.268177262,0.05
BOL,Swimming,1,0.613451649,0.05
BOT,Athletics,1.83192459,0.170482223,0.083917274
BRA,Archery,1,0.265310522,0.05
BRA,Athletics,1.688530514,0.333534971,0.063316709
BRA,Badminton,1,0.218008577,0.05
BRA,Basketball,1,0.05,0.054298092
BRA,Beach Volleyball,2.400804161,0.835156292,0.078842263
BRA,Boxing,2.177476711,0.581938925,0.08819367
BRA,Canoeing,2.622320316,0.546479462,0.053720641
BRA,Cycling,1.001597495,0.260562563,0.05
BRA,Diving,1,0.316465711,0.05
BRA,Equestrian,1.002651836,0.287247185,0.051197417
BRA,Fencing,1,0.272590608,0.05
BRA,Football,1,0.061828726,0.059711077
BRA,Gymnastics,1.474931828,0.328103435,0.05148788
BRA,Handball,1,0.05,0.05
BRA,Judo,2.7782256,0.746320191,0.098100264
BRA,Marathon Swimming,11.24455603,0.05,0.528291515
BRA,Modern Pentathlon,1,0.447381543,0.061927995
BRA,Rowing,1,0.158666349,0.05
BRA,Sailing,2.918105742,0.374914128,0.091710006
BRA,Shooting,1,0.279876245,0.05
BRA,Skateboarding,5.580796659,0.146004901,0.175082082
BRA,Surfing,1,2.62532114,0.05
BRA,Swimming,1.638965167,0.307811197,0.065143573
BRA,Synchronized Swimming,1,0.083601715,0.05
BRA,Table Tennis,1,0.179227461,0.05
BRA,Taekwondo,1,1.278692588,0.065903993
BRA,Tennis,1,0.267385845,0.05
BRA,Triathlon,1,0.238352188,0.05
BRA,Volleyball,1.024855546,0.063465302,0.060343529
BRA,Water Polo,1,0.05,0.050095034
BRA,Weightlifting,1,0.243438091,0.05
BRA,Wrestling,1,0.218008577,0.05
BRN,Athletics,1,0.429413988,0.05
BRN,Modern Pentathlon,1,0.218008577,0.05
BRN,Swimming,1,0.218008577,0.05
BRU,Shooting,1,0.218008577,0.05
BUL,Archery,1,0.368514632,0.05
BUL,Athletics,1.486706023,0.520040639,0.073985701
BUL,Badminton,1,0.341599065,0.05
BUL,Basketball,1,0.05,0.058774279
BUL,Beach Volleyball,1,0.05,0.05
BUL,Boxing,3.074619504,0.547944641,0.127813589
BUL,Canoeing,3.389631705,0.628431093,0.12676098
BUL,Cycling,1,0.293261605,0.05
BUL,Equestrian,1,0.218008577,0.05
BUL,Fencing,1,0.335657537,0.05
BUL,Football,1,0.05,0.051837852
BUL,Gymnastics,1.052918245,0.389979818,0.052279519
BUL,Judo,3.234824048,0.607217684,0.086894635
BUL,Modern Pentathlon,1,0.218008577,0.05
BUL,Rowing,2.876849932,0.354278671,0.1104808
BUL,Sailing,1,0.407216357,0.05
BUL,Shooting,2.34628877,0.694083029,0.096882765
BUL,Swimming,1,0.376434139,0.05
BUL,Table Tennis,1,0.218008577,0.05
BUL,Tennis,1,0.310820952,0.05
BUL,Volleyball,1,0.05,0.05292476
BUL,Water Polo,1,0.05,0.05
BUL,Weightlifting,3.234394248,0.877274786,0.10398515
BUL,Wrestling,3.146942827,1.006934954,0.111748797
BUR,Athletics,2.566676418,0.206960157,0.100924894
BUR,Judo,1,0.218008577,0.05
BUR,Swimming,1,0.218008577,0.05
BUR,Taekwondo,1,0.218008577,0.05
CAF,Athletics,1,0.254040593,0.05
CAF,Swimming,1,0.218008577,0.05
CAF,Taekwondo,1,0.218008577,0.05
CAM,Athletics,1,0.218008577,0.05
CAM,Swimming,1,0.251914596,0.05
CAN,Archery,1,0.290072609,0.05
CAN,Artistic Swimming,1,0.218008577,0.05
CAN,Athletics,1.691072487,0.37143823,0.076692025
CAN,Badminton,1,0.269571008,0.05
CAN,Baseball,1,0.218008577,0.05
CAN,Basketball,1,0.05,0.05
CAN,Beach Volleyball,4.593584285,0.05,0.151816624
CAN,Boxing,2.34568767,0.633928974,0.093649909
CAN,Canoeing,2.488678847,0.372770435,0.095907546
CAN,Cycling,2.709233367,0.301403696,0.104562911
CAN,Cycling Road,1,0.218008577,0.05
CAN,Cycling Track,4.274102423,0.162005718,0.180640146
CAN,Diving,2.273409917,0.587169118,0.074820985
CAN,Equestrian,2.366370862,0.335457704,0.09507526
CAN,Fencing,1.196880154,0.245564623,0.059225672
CAN,Football,1,0.05,0.05
CAN,Golf,1,0.218008577,0.05
CAN,Gymnastics,1.139291252,0.248461188,0.056137822
CAN,Hockey,1,0.05,0.05
CAN,Judo,3.243517766,0.2161833,0.118551298
CAN,Modern Pentathlon,1,0.218008577,0.05
CAN,Rowing,2.389997858,0.370222259,0.114387181
CAN,Sailing,2.615790154,0.435270356,0.103432127
CAN,Shooting,1.005069247,0.330500439,0.051939798
CAN,Skateboarding,1,0.218008577,0.05
CAN,Softball,1,0.218008577,0.05
CAN,Swimming,1.560351801,0.295483915,0.068889532
CAN,Synchronized Swimming,1,0.161762702,0.061660068
CAN,Table Tennis,1,0.196371169,0.05
CAN,Taekwondo,4.876630718,0.573615969,0.192511331
CAN,Tennis,1,0.394028775,0.062846891
CAN,Triathlon,3.601626886,0.214508073,0.065548962
CAN,Volleyball,1,0.05,0.05
CAN,Water Polo,1,0.05,0.05
CAN,Weightlifting,1,0.556048323,0.05
CAN,Wrestling,2.175548678,0.247491412,0.07303152
CAY,Athletics,1,0.335060375,0.05
CAY,Cycling,1,0.268867606,0.05
CAY,Sailing,1,0.218008577,0.05
CAY,Swimming,1,0.268867606,0.05
CGO,Athletics,1,0.117203431,0.05
CGO,Swimming,1,0.368514632,0.05
CGO,Table Tennis,1,0.268867606,0.05
CHA,Athletics,1,0.249536591,0.05
CHA,Judo,1,0.218008577,0.05
CHI,Archery,1,0.491461846,0.05
CHI,Athletics,1.47538548,0.241224165,0.0693813
CHI,Basketball,1,0.05,0.05
CHI,Boxing,1,0.218008577,0.05
CHI,Cycling,1,0.255635091,0.05
CHI,Cycling BMX Freestyle,1,0.218008577,0.05
CHI,Cycling Mountain Bike,1,0.218008577,0.05
CHI,Equestrian,1,0.381029689,0.05
CHI,Fencing,1,0.497994908,0.05
CHI,Football,1,0.05,0.05
CHI,Golf,1,0.218008577,0.05
CHI,Gymnastics,1,0.218008577,0.05
CHI,Judo,1,0.218008577,0.05
CHI,Modern Pentathlon,1,0.218008577,0.05
CHI,Rowing,1,0.319726634,0.05
CHI,Sailing,1,0.268867606,0.05
CHI,Shooting,1.029109919,0.90209033,0.066719412
CHI,Swimming,1,0.287113441,0.05
CHI,Table Tennis,1,0.224091854,0.05
CHI,Tennis,4.101967689,1.30115358,0.208259316
CHI,Triathlon,1,0.268867606,0.05
CHI,Weightlifting,1,0.218008577,0.05
CHI,Wrestling,1,2.91857959,0.05
CHN,Archery,2.020796979,0.801259607,0.088631044
CHN,Artistic Swimming,1,1.167627019,0.05
CHN,Athletics,2.161283179,0.575795649,0.092877412
CHN,Badminton,6.648546268,0.871555325,0.191362062
CHN,Basketball,1,0.05,0.058163491
CHN,Beach Volleyball,4.043214388,0.452937151,0.165423038
CHN,Boxing,6.520620383,1.033972377,0.173608043
CHN,Canoeing,2.208736107,0.244563778,0.072611516
CHN,Cycling,1.3576134,0.377098963,0.050007651
CHN,Cycling Track,1,0.218008577,0.05
CHN,Diving,4.869212235,0.742598132,0.097398917
CHN,Equestrian,1,0.268177262,0.05
CHN,Fencing,2.762939667,0.320933907,0.102050545
CHN,Football,1,0.05,0.080128089
CHN,Golf,1,0.218008577,0.05
CHN,Gymnastics,2.825740296,0.487999346,0.092641502
CHN,Handball,1,0.05,0.053841041
CHN,Hockey,1,0.05,0.059269957
CHN,Judo,5.112495936,0.520311196,0.131596617
CHN,Marathon Swimming,1,0.218008577,0.05
CHN,Modern Pentathlon,1.026287751,0.49123101,0.066719412
CHN,Rowing,3.053109624,0.333745831,0.14999348
CHN,Sailing,2.753606101,0.630418378,0.078406359
CHN,Shooting,4.093023776,0.555083601,0.127747962
CHN,Skateboarding,1,0.218008577,0.05
CHN,Softball,5.466181322,0.151699546,0.223484273
CHN,Swimming,2.182557134,0.545216434,0.089851205
CHN,Synchronized Swimming,1.179367244,0.162676365,0.05
CHN,Table Tennis,5.803933191,0.660961154,0.065599367
CHN,Taekwondo,11.10286431,2.295817631,0.236964421
CHN,Tennis,1.789562401,0.737009931,0.090461807
CHN,Triathlon,1,0.218008577,0.05
CHN,Volleyball,1.042110043,0.063241396,0.077561041
CHN,Water Polo,1,0.05,0.05
CHN,Weightlifting,5.921615415,0.977168458,0.156891524
CHN,Wrestling,3.520484968,0.216717326,0.103991271
CIV,Archery,1,0.218008577,0.05
CIV,Athletics,1.344244658,0.177597856,0.064034734
CIV,Canoeing,1,0.286371894,0.05
CIV,Judo,1,0.218008577,0.05
CIV,Swimming,1,0.218008577,0.05
CIV,Taekwondo,3.350014628,0.742146475,0.126387341
CMR,Athletics,1.000472117,0.326585897,0.050922559
CMR,Boxing,1,0.255635091,0.05
CMR,Cycling,1,0.381480447,0.05
CMR,Judo,1,0.218008577,0.05
CMR,Rowing,1,0.218008577,0.05
CMR,Swimming,1,0.218008577,0.05
CMR,Table Tennis,1,0.218008577,0.05
CMR,Wrestling,1,0.268867606,0.05
COD,Athletics,1,0.281064605,0.05
COD,Cycling,1,0.218008577,0.05
COK,Athletics,1,0.218008577,0.05
COK,Canoeing,1,0.218008577,0.05
COK,Sailing,1,0.218008577,0.05
COK,Weightlifting,1,0.218008577,0.05
COL,Archery,1,0.356317633,0.05
COL,Athletics,1.682936016,0.231602255,0.076036371
COL,Cycling,1.533487938,0.31569433,0.066217146
COL,Cycling BMX Racing,10.6915768,0.05,0.406278328
COL,Cycling Track,1,0.218008577,0.05
COL,Diving,1,0.294272983,0.05
COL,Equestrian,1,0.379865489,0.05
COL,Fencing,1,0.24690445,0.05
COL,Football,1,0.05,0.05
COL,Golf,1,0.218008577,0.05
COL,Gymnastics,1,0.305195483,0.05
COL,Judo,1,0.90740812,0.05
COL,Sailing,1,0.319726634,0.05
COL,Shooting,2.109232787,0.293201369,0.095223033
COL,Skateboarding,1,0.218008577,0.05
COL,Swimming,1,0.25730258,0.05
COL,Table Tennis,1,0.218008577,0.05
COL,Taekwondo,4.133352837,0.212174403,0.151849787
COL,Tennis,1,0.218008577,0.05
COL,Weightlifting,1,0.592438556,0.05
COL,Wrestling,4.35623638,0.446642396,0.091318079
COM,Athletics,1,0.218008577,0.05
CPV,Athletics,1,0.251914596,0.05
CPV,Gymnastics,1,0.218008577,0.05
CRC,Archery,1,0.218008577,0.05
CRC,Athletics,1,0.229310583,0.05
CRC,Canoeing,1,0.218008577,0.05
CRC,Cycling,1,0.218008577,0.05
CRC,Football,1,0.05,0.05
CRC,Judo,1,0.293261605,0.05
CRC,Shooting,1,0.40559424,0.05
CRC,Surfing,1,0.218008577,0.05
CRC,Swimming,2.140946026,0.292885523,0.069955301
CRC,Taekwondo,1,0.218008577,0.05
CRC,Triathlon,1,0.218008577,0.05
CRO,Athletics,1.508807444,0.351364584,0.050000003
CRO,Basketball,1,0.05,0.082524808
CRO,Boxing,1,0.218008577,0.05
CRO,Canoeing,1,0.299711892,0.05
CRO,Cycling,1,0.268177262,0.05
CRO,Gymnastics,3.889920249,0.170006126,0.156763411
CRO,Handball,1,0.055520771,0.06913065
CRO,Judo,1.01975518,3.297459936,0.05
CRO,Rowing,5.432158559,0.05,0.23406393
CRO,Sailing,1,1.057509817,0.05
CRO,Shooting,2.099337234,0.536282549,0.089046355
CRO,Swimming,1.399323803,0.192026787,0.066280292
CRO,Table Tennis,1.719467693,0.250683039,0.077800162
CRO,Taekwondo,2.880011702,0.607217684,0.111109872
CRO,Tennis,1.037174476,0.951590542,0.064225186
CRO,Volleyball,1,0.05,0.072779396
CRO,Water Polo,1,0.063112017,0.068391389
CRO,Weightlifting,1,1.031118571,0.052197436
CRO,Wrestling,1,0.218008577,0.05
CUB,Archery,1,0.443429982,0.05
CUB,Athletics,2.603929949,0.458443817,0.108940219
CUB,Baseball,11.99168878,0.620007244,0.090982777
CUB,Basketball,1,0.05,0.054901904
CUB,Beach Volleyball,1,0.05,0.05
CUB,Boxing,4.832734069,0.649561395,0.11760194
CUB,Canoeing,2.42615644,0.896342092,0.108143899
CUB,Cycling,1,0.412186865,0.05
CUB,Cycling Road,1,0.218008577,0.05
CUB,Diving,1,0.24503826,0.05
CUB,Fencing,1.757827156,0.237755476,0.078682534
CUB,Football,1,0.05,0.05
CUB,Gymnastics,1,0.215637901,0.05
CUB,Judo,3.753415615,0.89808191,0.13923609
CUB,Rowing,1,0.098384727,0.05
CUB,Sailing,1,0.268177262,0.05
CUB,Shooting,1.492533692,0.55683399,0.075847335
CUB,Swimming,1.018401426,0.388920669,0.061703588
CUB,Table Tennis,1,0.171630802,0.05
CUB,Taekwondo,11.24455603,0.05,0.528291515
CUB,Volleyball,1,0.084889902,0.056625434
CUB,Water Polo,1,0.05,0.05
CUB,Weightlifting,1,0.629145322,0.05
CUB,Wrestling,4.488130611,0.513558396,0.174438389
CYP,Athletics,1,0.233693701,0.05
CYP,Cycling Road,1,0.218008577,0.05
CYP,Gymnastics,1,0.218008577,0.05
CYP,Judo,1,0.218008577,0.05
CYP,Sailing,1.026287751,0.489198391,0.066719412
CYP,Shooting,1,0.394359494,0.05
CYP,Swimming,1,0.270576315,0.05
CYP,Tennis,1,0.368514632,0.05
CZE,Archery,1,0.218008577,0.05
CZE,Athletics,2.674182401,0.414598401,0.091725777
CZE,Badminton,1,0.319726634,0.05
CZE,Basketball,1,0.05,0.05
CZE,Beach Volleyball,1,0.05,0.05
CZE,Canoeing,2.880939385,0.759276862,0.105707401
CZE,Cycling,1.011699035,0.400500439,0.05
CZE,Cycling Mountain Bike,1,0.218008577,0.05
CZE,Equestrian,1,0.218008577,0.05
CZE,Fencing,4.133352837,0.162005718,0.151849787
CZE,Gymnastics,1,0.225833043,0.05
CZE,Judo,2.710718535,0.833357067,0.129715253
CZE,Modern Pentathlon,1.877547069,0.953564956,0.102167511
CZE,Rowing,3.537911249,0.263521945,0.123604372
CZE,Sailing,1,0.685056755,0.05
CZE,Shooting,2.478090024,0.460904067,0.1094885
CZE,Swimming,1,0.252298165,0.05
CZE,Synchronized Swimming,1,0.102480667,0.05
CZE,Table Tennis,1.004792484,0.201205194,0.05
CZE,Tennis,1.980702405,0.762833888,0.08315851
CZE,Triathlon,1,0.251914596,0.05
CZE,Weightlifting,1,0.218008577,0.05
CZE,Wrestling,1,0.306494119,0.05
DEN,Archery,1,0.218008577,0.05
DEN,Athletics,1.767712544,0.483113786,0.061162242
DEN,Badminton,2.536562891,0.582297226,0.101495504
DEN,Boxing,1,0.218008577,0.05
DEN,Canoeing,2.479461596,0.534963254,0.083075216
DEN,Cycling,3.298083683,0.553239735,0.12144083
DEN,Cycling Mountain Bike,1,0.218008577,0.05
DEN,Cycling Track,1,0.218008577,0.05
DEN,Diving,1,0.218008577,0.05
DEN,Equestrian,1.759625314,0.421047025,0.07581396
DEN,Fencing,4.133352837,0.246080422,0.151849787
DEN,Football,1,0.05,0.05
DEN,Golf,1,0.218008577,0.05
DEN,Gymnastics,1,0.218008577,0.05
DEN,Handball,1,0.053383998,0.052536372
DEN,Modern Pentathlon,1,0.268867606,0.05
DEN,Rowing,3.474051559,0.557225283,0.087166807
DEN,Sailing,3.319948581,1.127314138,0.112583169
DEN,Shooting,2.046515613,0.533262645,0.080502126
DEN,Swimming,1.173877625,0.346840817,0.054082598
DEN,Table Tennis,1.598537047,1.000812378,0.05
DEN,Tennis,1,0.243438091,0.05
DEN,Triathlon,1,0.218008577,0.05
DEN,Weightlifting,1,0.218008577,0.05
DEN,Wrestling,1.041685666,0.922469425,0.05
DJI,Athletics,1.08364257,0.714735229,0.082006669
DJI,Sailing,1,0.218008577,0.05
DMA,Athletics,1.00658506,1.244492363,0.05
DOM,Athletics,1.907554098,0.438374672,0.087000663
DOM,Boxing,1,0.218008577,0.05
DOM,Diving,1,0.218008577,0.05
DOM,Equestrian,1,0.218008577,0.05
DOM,Judo,1,0.24309292,0.05
DOM,Shooting,1,0.218008577,0.05
DOM,Table Tennis,1,0.302083281,0.05
DOM,Taekwondo,1.092007128,1.072569035,0.108517941
DOM,Volleyball,1,0.05,0.05
DOM,Weightlifting,1,0.218008577,0.05
DOM,Wrestling,1,0.218008577,0.05
ECU,Athletics,1.000897963,0.398389155,0.05
ECU,Boxing,1,0.218008577,0.05
ECU,Canoeing,1,0.218008577,0.05
ECU,Cycling,1,0.218008577,0.05
ECU,Equestrian,1,0.218008577,0.05
ECU,Judo,1,0.243438091,0.05
ECU,Shooting,1,0.249536591,0.05
ECU,Swimming,1,0.218008577,0.05
ECU,Table Tennis,1,0.218008577,0.05
ECU,Tennis,1,0.443429982,0.05
ECU,Triathlon,1,0.218008577,0.05
ECU,Weightlifting,1,0.407216357,0.05
ECU,Wrestling,1,0.218008577,0.05
EGY,Archery,1,0.218008577,0.05
EGY,Artistic Swimming,1,0.218008577,0.05
EGY,Athletics,1,0.228180383,0.05
EGY,Badminton,1,0.218008577,0.05
EGY,Basketball,1,0.05,0.05
EGY,Boxing,1,0.218008577,0.05
EGY,Canoeing,1,0.218008577,0.05
EGY,Cycling Track,1,0.218008577,0.05
EGY,Equestrian,1,0.420998871,0.05
EGY,Fencing,1.255976797,0.238306197,0.060436084
EGY,Football,1,0.05,0.05
EGY,Gymnastics,1,0.260045929,0.05
EGY,Handball,1,0.05,0.05
EGY,Judo,1,0.381775547,0.055963997
EGY,Modern Pentathlon,1,0.382730656,0.05
EGY,Rowing,1,0.121443271,0.05
EGY,Shooting,1,0.327133079,0.05
EGY,Swimming,1,0.256152848,0.05
EGY,Synchronized Swimming,1,0.05,0.05
EGY,Table Tennis,1,0.237373813,0.05
EGY,Taekwondo,5.780790463,0.662517817,0.159234398
EGY,Volleyball,1,0.05,0.05
EGY,Water Polo,1,0.05,0.05
EGY,Weightlifting,1,0.218008577,0.05
EGY,Wrestling,1.931323275,0.20273507,0.093481047
EOR,Athletics,1,0.218008577,0.05
EOR,Canoeing,1,0.218008577,0.05
EOR,Judo,1,0.218008577,0.05
EOR,Shooting,1,0.218008577,0.05
EOR,Swimming,1,0.218008577,0.05
ERI,Athletics,2.059044759,0.216063852,0.069153105
ERI,Cycling,1,0.218008577,0.05
ESA,Cycling,1,0.268177262,0.05
ESA,Judo,1,0.443429982,0.05
ESA,Rowing,1,0.218008577,0.05
ESA,Shooting,1,0.293261605,0.05
ESA,Swimming,1,0.197007505,0.05
ESA,Weightlifting,1,0.218008577,0.05
ESA,Wrestling,1,0.218008577,0.05
ESP,Archery,1.007902072,1.507092999,0.05
ESP,Artistic Swimming,1,2.33206269,0.05
ESP,Athletics,1.407789856,0.382127929,0.06215138
ESP,Badminton,1.00658506,1.278398382,0.05
ESP,Basketball,1,0.051233836,0.052848236
ESP,Beach Volleyball,2.726171254,0.452937151,0.110666149
ESP,Boxing,3.350014628,0.69305609,0.126387341
ESP,Canoeing,2.216597489,0.495629781,0.073934547
ESP,Cycling,2.196697956,0.487823849,0.094357534
ESP,Cycling Mountain Bike,5.700029255,0.134004289,0.202774681
ESP,Cycling Track,1,0.218008577,0.05
ESP,Diving,1,0.272937683,0.05
ESP,Equestrian,1.008012581,0.499810842,0.053165036
ESP,Fencing,1,0.207374707,0.05
ESP,Football,1,0.05,0.05
ESP,Golf,1,0.218008577,0.05
ESP,Gymnastics,1.177577508,0.309215642,0.055981749
ESP,Handball,1,0.05,0.051211091
ESP,Hockey,1,0.05,0.062179671
ESP,Judo,2.207095414,0.647206779,0.091189141
ESP,Modern Pentathlon,1,0.218008577,0.05
ESP,Rowing,2.719289284,0.066800858,0.129883422
ESP,Sailing,3.638614649,1.068512258,0.137097777
ESP,Shooting,1.575498702,0.289546465,0.063611737
ESP,Skateboarding,1,0.218008577,0.05
ESP,Swimming,1.433254347,0.278124391,0.066273313
ESP,Synchronized Swimming,1.588441594,0.233615319,0.076627807
ESP,Table Tennis,1,0.210493358,0.05
ESP,Taekwondo,2.66384918,0.568188126,0.117834549
ESP,Tennis,2.723509263,0.648855845,0.097219819
ESP,Triathlon,1,0.591945683,0.05
ESP,Volleyball,1,0.05,0.05
ESP,Water Polo,1,0.059197808,0.065419983
ESP,Weightlifting,1.10749473,0.568019103,0.05
ESP,Wrestling,1,0.746522105,0.05
EST,Archery,1,0.218008577,0.05
EST,Athletics,1.038176328,0.518269584,0.066021705
EST,Badminton,1,0.302083281,0.05
EST,Canoeing,1,0.218008577,0.05
EST,Cycling,2.683810719,0.502912438,0.081160737
EST,Cycling Mountain Bike,1,0.218008577,0.05
EST,Fencing,1,0.175067203,0.05
EST,Judo,4.241226711,0.665573552,0.151849787
EST,Modern Pentathlon,1,0.319726634,0.05
EST,Rowing,1.075532491,0.897480519,0.05
EST,Sailing,3.632627891,0.180673338,0.075636177
EST,Shooting,1,0.281077837,0.05
EST,Swimming,1,0.254996961,0.05
EST,Tennis,1,0.218008577,0.05
EST,Triathlon,1,0.218008577,0.05
EST,Wrestling,2.66384918,0.190007148,0.117834549
ETH,Athletics,3.625193705,0.751346934,0.124717406
ETH,Boxing,1,0.293261605,0.05
ETH,Cycling,1,0.246033478,0.05
EUN,Archery,1,1.330795933,0.063671385
EUN,Athletics,5.754840076,0.295053609,0.18384557
EUN,Basketball,1.210550213,0.066475272,0.095899256
EUN,Canoeing,3.49577377,0.176006433,0.151751823
EUN,Cycling,9.644062492,0.05,0.453727473
EUN,Diving,1,1.568294083,0.05
EUN,Equestrian,1,0.218008577,0.05
EUN,Fencing,2.518644401,0.396581585,0.114181547
EUN,Gymnastics,7.094598012,1.811563166,0.05
EUN,Handball,1,0.052664461,0.05
EUN,Hockey,1,0.05,0.053411345
EUN,Modern Pentathlon,13.49025146,0.189009053,0.116828784
EUN,Rowing,5.093226705,0.092770334,0.110593033
EUN,Sailing,5.700029255,0.134004289,0.202774681
EUN,Shooting,2.566676418,0.29051874,0.100924894
EUN,Swimming,4.198134678,0.152695541,0.163122891
EUN,Tennis,1,0.922693281,0.05
EUN,Volleyball,1,0.064409048,0.106487916
EUN,Water Polo,1,0.05,0.053835278
EUN,Wrestling,13.93536637,0.05,0.182049526
FIJ,Archery,1,0.443429982,0.05
FIJ,Athletics,1,0.228180383,0.05
FIJ,Judo,1,0.218008577,0.05
FIJ,Sailing,1,0.313515041,0.05
FIJ,Shooting,1,0.407216357,0.05
FIJ,Swimming,1,0.334622471,0.05
FIJ,Weightlifting,1,0.218008577,0.05
FIN,Archery,5.973914821,0.697930537,0.21612416
FIN,Athletics,1.683404286,0.500102229,0.075327104
FIN,Badminton,1,0.255850133,0.05
FIN,Basketball,1,0.05,0.05
FIN,Boxing,8.050043882,0.092002144,0.279162021
FIN,Canoeing,3.967050971,0.211674156,0.16607471
FIN,Cycling,1,0.306314983,0.05
FIN,Diving,1,0.2586958,0.05
FIN,Equestrian,1.51501877,0.44308594,0.05
FIN,Fencing,1,0.139908878,0.05
FIN,Golf,1,0.218008577,0.05
FIN,Gymnastics,1.218273495,0.2425181,0.060130238
FIN,Judo,1,0.218008577,0.05
FIN,Modern Pentathlon,2.547216016,0.568253625,0.093654281
FIN,Rowing,6.702657777,0.438452111,0.206447151
FIN,Sailing,2.08805928,0.453338851,0.106506259
FIN,Shooting,1.856195216,0.38000681,0.087376093
FIN,Swimming,1.437212024,0.228547883,0.067401298
FIN,Taekwondo,1,0.218008577,0.05
FIN,Tennis,1,0.319726634,0.05
FIN,Weightlifting,1.866491166,0.476475636,0.065670723
FIN,Wrestling,3.258860897,0.489687325,0.143387969
FRA,Archery,1.523718487,0.81469676,0.071220237
FRA,Athletics,1.582943013,0.347168304,0.067270493
FRA,Badminton,1,0.268867606,0.05
FRA,Basketball,1,0.052854671,0.063239355
FRA,Beach Volleyball,1,0.05,0.05
FRA,Boxing,2.455220088,1.150867731,0.073266485
FRA,Canoeing,2.470421249,0.801833619,0.07537144
FRA,Cycling,3.361470947,0.780573903,0.101737056
FRA,Cycling BMX Freestyle,1,2.33206269,0.05
FRA,Cycling BMX Racing,1.004938795,2.191527698,0.05
FRA,Cycling Mountain Bike,1.004938795,1.66301417,0.05
FRA,Cycling Road,1,0.218008577,0.05
FRA,Cycling Track,1.002469398,0.602939997,0.05
FRA,Diving,1,0.256152848,0.05
FRA,Equestrian,1.796547674,0.69097154,0.071155655
FRA,Fencing,3.259741895,0.506850039,0.117281581
FRA,Football,1,0.05,0.05
FRA,Golf,1,0.218008577,0.05
FRA,Gymnastics,1,0.264669203,0.050226123
FRA,Handball,1,0.060197623,0.05
FRA,Hockey,1,0.05,0.05
FRA,Judo,6.007510154,0.681139051,0.15673933
FRA,Marathon Swimming,1,0.218008577,0.05
FRA,Modern Pentathlon,1.948370108,0.648207472,0.083755603
FRA,Rowing,2.588408811,0.627692149,0.110571532
FRA,Sailing,4.005165742,0.646964724,0.158931004
FRA,Shooting,1.71086619,0.427562145,0.075266494
FRA,Skateboarding,1,0.218008577,0.05
FRA,Surfing,1,2.33206269,0.05
FRA,Swimming,1.895283972,0.342833824,0.07862413
FRA,Synchronized Swimming,1.84533733,0.106002859,0.082061955
FRA,Table Tennis,1.078209839,0.550520511,0.057619837
FRA,Taekwondo,3.985168404,1.723179307,0.050020402
FRA,Tennis,1.362494205,0.459000486,0.064535975
FRA,Triathlon,1.001975518,0.737359124,0.05
FRA,Volleyball,1,0.05,0.05
FRA,Water Polo,1,0.05,0.05
FRA,Weightlifting,1.598065255,0.344319084,0.080826069
FRA,Wrestling,3.444069282,0.301984248,0.124508488
FRG,Archery,1,0.218008577,0.05
FRG,Athletics,2.942652448,0.520206638,0.109604313
FRG,Boxing,3.350014628,0.213632947,0.126387341
FRG,Canoeing,3.536786034,0.915842461,0.101677586
FRG,Cycling,3.048403468,0.251627984,0.108897226
FRG,Diving,1,0.27405838,0.05
FRG,Equestrian,2.490763637,0.817070757,0.08262946
FRG,Fencing,1.667110468,0.512419945,0.07325625
FRG,Football,1,0.05,0.05
FRG,Gymnastics,1,0.243092203,0.05
FRG,Hockey,1,0.05,0.072857659
FRG,Judo,7.080996545,0.134004289,0.0912185
FRG,Modern Pentathlon,1,0.218008577,0.05
FRG,Rowing,1.199536527,0.446430245,0.06080589
FRG,Sailing,6.2888096,0.387134837,0.144854779
FRG,Shooting,3.953944522,0.388118655,0.140958677
FRG,Swimming,2.630858201,0.206774516,0.118266289
FRG,Synchronized Swimming,1,0.134004289,0.05
FRG,Water Polo,1,0.05,0.053793046
FRG,Weightlifting,1,0.218008577,0.05
FRG,Wrestling,5.393058563,0.164020909,0.175907352
FSM,Athletics,1,0.293261605,0.05
FSM,Swimming,1,0.268867606,0.05
FSM,Weightlifting,1,0.319726634,0.05
GAB,Athletics,1,0.290740036,0.05
GAB,Judo,1,0.443429982,0.05
GAB,Taekwondo,10.98309508,0.05,0.457007293
GAM,Athletics,1,0.214799815,0.05
GAM,Judo,1,0.218008577,0.05
GBR,Archery,2.068511526,0.327729564,0.052927165
GBR,Athletics,2.147430839,0.517450138,0.09215083
GBR,Badminton,1.798647606,0.387849907,0.082560583
GBR,Boxing,7.274147931,0.252719742,0.094016509
GBR,Canoeing,1.687955605,0.453914063,0.078212335
GBR,Cycling,2.348900467,0.66763413,0.093067813
GBR,Cycling BMX Racing,11.11382556,0.05,0.492649404
GBR,Cycling Mountain Bike,1,0.218008577,0.05
GBR,Cycling Road,1,0.218008577,0.05
GBR,Cycling Track,1.476817867,0.70500151,0.050010201
GBR,Diving,1.463448585,0.62285075,0.069473204
GBR,Equestrian,2.991577104,0.785053504,0.092210845
GBR,Fencing,1.0867118,0.241622493,0.054634306
GBR,Football,1,0.05,0.05
GBR,Golf,1,2.91857959,0.05
GBR,Gymnastics,1.203871103,0.288037497,0.055988865
GBR,Hockey,1,0.05,0.05249124
GBR,Judo,4.42595116,0.403066349,0.164026609
GBR,Modern Pentathlon,4.132588123,0.371674781,0.17755645
GBR,Rowing,2.206183652,0.362420314,0.094862694
GBR,Sailing,3.819660513,0.831286875,0.111039539
GBR,Shooting,1.777864128,0.453067835,0.07128656
GBR,Skateboarding,3.8609072,0.439395164,0.050061206
GBR,Swimming,1.984603847,0.284290988,0.073933988
GBR,Synchronized Swimming,1,0.05,0.05
GBR,Table Tennis,1,0.149297,0.05
GBR,Taekwondo,3.645028751,0.828347942,0.117834549
GBR,Tennis,1.713617782,0.392029814,0.080126302
GBR,Triathlon,2.110072105,0.919833357,0.096863137
GBR,Water Polo,1,0.05,0.05
GBR,Weightlifting,2.617081848,0.334534906,0.087821634
GBR,Wrestling,1.954351418,0.221551331,0.072454287
GBS,Athletics,1,0.251914596,0.05
GBS,Wrestling,1,0.268867606,0.05
GDR,Athletics,3.556506074,0.952673872,0.112172443
GDR,Boxing,2.555646344,0.479485223,0.118327359
GDR,Canoeing,6.168606636,0.881715299,0.074499615
GDR,Cycling,1.639337916,1.577871946,0.083759182
GDR,Diving,2.165715113,1.002566743,0.071572818
GDR,Equestrian,1.519718466,0.197007505,0.070479821
GDR,Fencing,1,0.106002859,0.05
GDR,Football,1,0.05,0.05
GDR,Gymnastics,1.030855506,0.530238697,0.050289221
GDR,Handball,1,0.061113101,0.056598642
GDR,Hockey,1,0.05,0.05
GDR,Judo,3.354953423,2.002896329,0.126387341
GDR,Rowing,3.028291438,0.701064619,0.058185894
GDR,Sailing,5.149239007,0.669103759,0.205627177
GDR,Shooting,1.961020259,0.882084286,0.095778957
GDR,Swimming,3.005118841,0.50507387,0.107846658
GDR,Volleyball,1,0.05,0.05
GDR,Water Polo,1,0.05,0.05
GDR,Weightlifting,1,0.565545805,0.050366239
GDR,Wrestling,1.001975518,0.619030036,0.05
GEO,Archery,1,0.494924211,0.05
GEO,Athletics,1,0.302083281,0.05
GEO,Fencing,1,0.218008577,0.05
GEO,Gymnastics,1,0.337587869,0.05
GEO,Judo,3.572884066,0.709321383,0.145575554
GEO,Sailing,1,0.218008577,0.05
GEO,Shooting,3.993133249,0.162005718,0.12187258
GEO,Weightlifting,2.523649503,1.144910753,0.05
GEO,Wrestling,3.566495812,0.558354351,0.135714285
GEQ,Athletics,1,0.290477341,0.05
GER,Archery,4.075560189,0.719413231,0.112466403
GER,Athletics,2.741874317,0.390796775,0.103491553
GER,Badminton,1,0.238352188,0.05
GER,Basketball,1,0.05,0.05
GER,Beach Volleyball,1.535600443,1.019602044,0.05
GER,Boxing,2.42615644,0.208538503,0.108143899
GER,Canoeing,6.186474373,0.845749581,0.124697923
GER,Cycling,4.049323189,0.621064403,0.137500616
GER,Cycling Road,1,0.218008577,0.05
GER,Cycling Track,1,0.218008577,0.05
GER,Diving,2.191284818,0.470938815,0.074410912
GER,Equestrian,3.29919804,0.790242216,0.094963153
GER,Fencing,2.691854599,0.440620542,0.113027666
GER,Football,1,0.05,0.05
GER,Gymnastics,1.377259106,0.278433224,0.067487109
GER,Handball,1,0.05,0.063344509
GER,Hockey,1,0.05,0.068736749
GER,Judo,5.411356167,0.31920685,0.184651713
GER,Marathon Swimming,6.122278015,0.134004289,0.289145758
GER,Modern Pentathlon,2.047436973,0.221551331,0.092440474
GER,Rowing,1.723008587,0.340613778,0.077755046
GER,Sailing,2.590595896,0.462652472,0.102946215
GER,Shooting,2.489141805,0.450743925,0.099908241
GER,Skateboarding,1,0.218008577,0.05
GER,Swimming,2.352782521,0.274654885,0.087594677
GER,Table Tennis,2.224791816,0.284197763,0.100718048
GER,Taekwondo,1,1.275035634,0.05
GER,Tennis,5.088602285,0.314005637,0.180216549
GER,Triathlon,2.280569504,0.239471734,0.109786439
GER,Volleyball,1,0.05,0.05
GER,Water Polo,1,0.05,0.054288986
GER,Weightlifting,5.543261573,0.689738655,0.186711371
GER,Wrestling,3.952246913,0.540513136,0.132123735
GHA,Athletics,1,0.188406215,0.05
GHA,Boxing,1,0.218008577,0.05
GHA,Football,1,0.05,0.05
GRE,Archery,1.014377453,0.335607005,0.05
GRE,Athletics,1.339183726,0.397578536,0.058750298
GRE,Basketball,1,0.05,0.05
GRE,Beach Volleyball,1,0.05,0.05
GRE,Boxing,1,0.293261605,0.05
GRE,Canoeing,1,0.29429712,0.05
GRE,Cycling,1,0.251914596,0.05
GRE,Diving,1,0.285820615,0.05
GRE,Equestrian,1,0.218008577,0.05
GRE,Fencing,1,0.293261605,0.05
GRE,Gymnastics,1.14304536,0.351043325,0.05000306
GRE,Judo,2.880011702,0.428107657,0.120652268
GRE,Modern Pentathlon,1,0.218008577,0.05
GRE,Rowing,2.145944085,0.457316972,0.097829152
GRE,Sailing,3.013416645,0.6161924,0.109682903
GRE,Shooting,1,0.286124316,0.05
GRE,Swimming,1.003789606,0.291100332,0.05
GRE,Synchronized Swimming,1,0.092002144,0.05
GRE,Table Tennis,1.005750981,0.269287789,0.05
GRE,Taekwondo,6.060818463,0.733673908,0.308569762
GRE,Tennis,1,0.257203055,0.05
GRE,Triathlon,1,0.218008577,0.05
GRE,Water Polo,1,0.05,0.059336355
GRE,Weightlifting,6.988254113,1.284185221,0.159420879
GRE,Wrestling,1.804584623,0.350891237,0.076551377
GRN,Athletics,3.666771261,0.650463141,0.08767057
GUA,Athletics,1.71307822,0.219522806,0.07907195
GUA,Badminton,1,0.268867606,0.05
GUA,Cycling,1,0.218008577,0.05
GUA,Equestrian,1,0.319726634,0.05
GUA,Football,1,0.05,0.05
GUA,Gymnastics,1,0.218008577,0.05
GUA,Sailing,1,0.268867606,0.05
GUA,Shooting,1.001795925,0.61629582,0.05
GUA,Swimming,1,0.251914596,0.05
GUI,Athletics,1,0.255635091,0.05
GUI,Boxing,1,0.368514632,0.05
GUI,Judo,1,0.218008577,0.05
GUM,Athletics,1,0.218008577,0.05
GUM,Cycling,1,0.429988239,0.05
GUM,Judo,1,0.218008577,0.05
GUM,Sailing,1,0.218008577,0.05
GUM,Swimming,1,0.218008577,0.05
GUM,Wrestling,1,0.218008577,0.05
GUY,Athletics,1,0.24503826,0.05
GUY,Cycling,1,0.293261605,0.05
GUY,Table Tennis,1,0.218008577,0.05
HAI,Athletics,1,0.283102895,0.05
HAI,Judo,1,0.218008577,0.05
HAI,Tennis,1,0.368514632,0.05
HKG,Archery,1,0.218008577,0.05
HKG,Athletics,1,0.218008577,0.05
HKG,Badminton,1,0.243438091,0.05
HKG,Canoeing,1,0.368514632,0.05
HKG,Cycling,2.044450946,0.255829534,0.083949929
HKG,Fencing,1.59068326,0.551417668,0.05
HKG,Gymnastics,1,0.218008577,0.05
HKG,Judo,1,0.218008577,0.05
HKG,Rowing,1,0.134004289,0.05
HKG,Sailing,1,0.587463656,0.081063913
HKG,Shooting,1,0.276998939,0.05
HKG,Swimming,1.672188136,0.202787714,0.053419999
HKG,Table Tennis,1.783338209,0.155752236,0.075462447
HKG,Triathlon,1,0.218008577,0.05
HON,Athletics,1,0.311990442,0.05
HON,Football,1,0.05,0.05
HON,Swimming,1,0.218008577,0.05
HON,Taekwondo,1,0.368514632,0.05
HON,Weightlifting,1,0.218008577,0.05
HUN,Archery,1,0.378049357,0.05
HUN,Athletics,1.989729284,0.421102431,0.087075078
HUN,Basketball,1,0.05,0.05
HUN,Boxing,3.501023927,0.659750133,0.112332107
HUN,Canoeing,6.177421845,0.796466366,0.154789797
HUN,Cycling,1,0.301432465,0.05
HUN,Cycling Road,1,0.218008577,0.05
HUN,Diving,1,0.260472806,0.05
HUN,Equestrian,1,0.092002144,0.05
HUN,Fencing,2.669642696,0.574789609,0.10572219
HUN,Football,1,0.053621156,0.052362569
HUN,Gymnastics,1.569330182,0.315620055,0.06558896
HUN,Handball,1,0.05,0.056251538
HUN,Judo,3.226782412,0.480432681,0.13027956
HUN,Marathon Swimming,1,1.167627019,0.05
HUN,Modern Pentathlon,7.320439863,0.843233567,0.215145815
HUN,Rowing,2.111841553,0.207872329,0.102804613
HUN,Sailing,1,0.292185406,0.05
HUN,Shooting,2.250683012,0.387399348,0.086665358
HUN,Swimming,2.500942625,0.417195975,0.085384722
HUN,Table Tennis,1.007188726,0.28552453,0.05
HUN,Tennis,1,0.26499951,0.05
HUN,Triathlon,1,0.255635091,0.05
HUN,Volleyball,1,0.05,0.05
HUN,Water Polo,1,0.080835362,0.058177284
HUN,Weightlifting,2.293024326,0.664305614,0.106414892
HUN,Wrestling,2.408733226,0.659292399,0.114858314
INA,Archery,2.280793333,0.241250276,0.092542073
INA,Athletics,1,0.218008577,0.05
INA,Badminton,3.559512754,1.121413848,0.136993746
INA,Boxing,1,0.218008577,0.05
INA,Judo,1,0.319726634,0.05
INA,Sailing,1,0.407216357,0.05
INA,Shooting,1,0.218008577,0.05
INA,Surfing,1,0.218008577,0.05
INA,Swimming,1,0.368289514,0.05
INA,Table Tennis,1,0.268867606,0.05
INA,Taekwondo,1,0.218008577,0.05
INA,Tennis,1,0.268867606,0.05
INA,Weightlifting,4.32769836,0.382155947,0.185669098
IND,Archery,1,0.272461218,0.05
IND,Athletics,1.417168081,0.21516103,0.050956736
IND,Badminton,2.566676418,0.342922458,0.10887689
IND,Boxing,3.350014628,0.176006433,0.126387341
IND,Football,1,0.05,0.05
IND,Golf,1,0.218008577,0.05
IND,Gymnastics,1,0.368514632,0.05
IND,Hockey,1,0.050955925,0.061309076
IND,Judo,1,0.218008577,0.05
IND,Rowing,1,0.05,0.05
IND,Sailing,1,0.218008577,0.05
IND,Shooting,1.40472958,0.543674576,0.069190532
IND,Swimming,1,0.218008577,0.05
IND,Table Tennis,1,0.243107771,0.05
IND,Tennis,1.004107844,0.455195172,0.056815997
IND,Weightlifting,1,0.218008577,0.05
IND,Wrestling,1,0.54645352,0.05
IOA,Athletics,1,0.218008577,0.05
IOA,Shooting,1,1.078143438,0.05
IOA,Swimming,1,0.218008577,0.05
IOA,Table Tennis,4.804017986,0.134004289,0.194278798
IOA,Wrestling,1,0.243438091,0.05
IRI,Athletics,1.018401426,0.399092474,0.061703588
IRI,Boxing,1,0.218008577,0.05
IRI,Cycling,1,0.293261605,0.05
IRI,Fencing,1,0.218008577,0.05
IRI,Football,1,0.05,0.05
IRI,Judo,1,0.268177262,0.05
IRI,Rowing,1,0.218008577,0.05
IRI,Shooting,1,0.218008577,0.05
IRI,Table Tennis,1,0.218008577,0.05
IRI,Taekwondo,8.908850676,0.930781583,0.115694115
IRI,Weightlifting,4.432721531,0.857444257,0.10978081
IRI,Wrestling,2.602025811,1.038016432,0.104105982
IRL,Archery,1,0.251914596,0.05
IRL,Athletics,1.231785798,0.292670132,0.060163833
IRL,Badminton,1,0.285820615,0.05
IRL,Boxing,3.901895024,0.656288268,0.136035107
IRL,Canoeing,1,0.243438091,0.05
IRL,Cycling,1,0.28301551,0.05
IRL,Equestrian,1.167371569,0.268307594,0.057723054
IRL,Fencing,1,0.305976362,0.05
IRL,Golf,1,0.218008577,0.05
IRL,Gymnastics,1.00987759,1.757734257,0.05
IRL,Judo,1,0.218008577,0.05
IRL,Modern Pentathlon,1,0.218008577,0.05
IRL,Rowing,1,0.255635091,0.05
IRL,Sailing,1.81471475,0.606334974,0.060853718
IRL,Shooting,1,0.265310522,0.05
IRL,Swimming,1,0.611557805,0.05
IRL,Taekwondo,1,0.218008577,0.05
IRL,Tennis,1,0.268867606,0.05
IRL,Triathlon,1,0.218008577,0.05
IRL,Wrestling,1,0.218008577,0.05
IRQ,Athletics,1,0.150805146,0.05
IRQ,Boxing,1,0.218008577,0.05
IRQ,Football,1,0.05,0.05
IRQ,Weightlifting,1,0.218008577,0.05
ISL,Athletics,1.554616393,0.255802774,0.072611516
ISL,Badminton,1,0.218008577,0.05
ISL,Gymnastics,1,0.319726634,0.05
ISL,Handball,1,0.05,0.066263215
ISL,Judo,1.055761713,0.532897012,0.071337779
ISL,Sailing,1,0.218008577,0.05
ISL,Swimming,1,0.241549622,0.05
ISL,Weightlifting,1,0.218008577,0.05
ISR,Athletics,1,0.246487341,0.05
ISR,Badminton,1,0.218008577,0.05
ISR,Canoeing,4.181171393,0.212174403,0.124847624
ISR,Diving,1,0.218008577,0.05
ISR,Fencing,1,0.377223749,0.05
ISR,Gymnastics,2.042920203,0.227804691,0.052391841
ISR,Judo,5.3068594,0.521556651,0.196407495
ISR,Marathon Swimming,1,0.218008577,0.05
ISR,Sailing,1.636234279,0.364516462,0.064969525
ISR,Shooting,1,0.240387488,0.05
ISR,Surfing,1,0.218008577,0.05
ISR,Swimming,1,0.227798855,0.05
ISR,Synchronized Swimming,1,0.068496496,0.05
ISR,Taekwondo,10.40005851,0.05,0.355549362
ISR,Tennis,1,0.268867606,0.05
ISR,Triathlon,1,0.218008577,0.05
ISR,Wrestling,1,0.218008577,0.05
ISV,Archery,1,0.218008577,0.05
ISV,Athletics,1,0.289400724,0.05
ISV,Sailing,1,0.615285343,0.05
ISV,Shooting,1,0.265310522,0.05
ISV,Swimming,1,0.305140314,0.05
ITA,Archery,3.419625695,0.778063024,0.114925377
ITA,Artistic Swimming,1,0.218008577,0.05
ITA,Athletics,2.134329786,0.371701641,0.094418778
ITA,Badminton,1,0.293261605,0.05
ITA,Baseball,1,0.241942237,0.05
ITA,Basketball,1,0.05,0.061450253
ITA,Beach Volleyball,1,0.753881992,0.05
ITA,Boxing,4.269193966,0.976655136,0.1376719
ITA,Canoeing,3.477660405,0.989466324,0.075951237
ITA,Cycling,2.432792475,0.653956704,0.102167651
ITA,Cycling Mountain Bike,1,0.218008577,0.05
ITA,Cycling Road,2.880011702,0.184406862,0.111109872
ITA,Cycling Track,1.00987759,1.757734257,0.05
ITA,Diving,1.036895956,0.856706212,0.057514888
ITA,Equestrian,2.419713363,0.387123103,0.110036926
ITA,Fencing,3.331880361,0.640390271,0.106944807
ITA,Football,1,0.05,0.05
ITA,Golf,1,0.218008577,0.05
ITA,Gymnastics,1.423932979,0.33257702,0.063887414
ITA,Hockey,1,0.05,0.05
ITA,Judo,3.9847879,0.287915852,0.141434607
ITA,Marathon Swimming,10.40005851,0.05,0.355549362
ITA,Modern Pentathlon,2.915867876,0.669505898,0.074306218
ITA,Rowing,3.14024269,0.403478866,0.11717493
ITA,Sailing,2.280736199,0.440826181,0.066782031
ITA,Shooting,2.977584079,0.634313988,0.119467009
ITA,Skateboarding,1,0.218008577,0.05
ITA,Softball,1,0.218008577,0.05
ITA,Surfing,1,0.218008577,0.05
ITA,Swimming,1.328841905,0.330008239,0.060507138
ITA,Synchronized Swimming,1,0.05,0.05
ITA,Table Tennis,1,0.260045929,0.05
ITA,Taekwondo,5.033128817,0.866690422,0.070519995
ITA,Tennis,1,0.337893437,0.05
ITA,Triathlon,1,0.234731472,0.05
ITA,Volleyball,1.07420852,0.050648017,0.059579796
ITA,Water Polo,1.018654639,0.055453513,0.071791719
ITA,Weightlifting,3.208269804,0.299339773,0.136407342
ITA,Wrestling,3.010463705,0.859901605,0.107908309
IVB,Athletics,1,0.251914596,0.05
IVB,Sailing,1,0.368514632,0.05
JAM,Athletics,2.134429764,0.382230847,0.090930882
JAM,Cycling,1,0.557745218,0.065903993
JAM,Diving,1,0.218008577,0.05
JAM,Equestrian,1,0.218008577,0.05
JAM,Judo,1,0.218008577,0.05
JAM,Sailing,1,0.251914596,0.05
JAM,Shooting,1,0.218008577,0.05
JAM,Swimming,1,0.293194069,0.05
JAM,Table Tennis,1,0.218008577,0.05
JOR,Athletics,1,0.218008577,0.05
JOR,Equestrian,1,0.319726634,0.05
JOR,Swimming,1,0.218008577,0.05
JOR,Table Tennis,1,0.218008577,0.05
JOR,Taekwondo,5.99154754,0.184863317,0.253503647
JPN,Archery,2.484219765,0.476996769,0.099200869
JPN,Artistic Swimming,1,0.218008577,0.05
JPN,Athletics,1.191152802,0.319975014,0.055774628
JPN,Badminton,1,0.218008577,0.05
JPN,Baseball,7.787189445,0.629191335,0.20228909
JPN,Basketball,1,0.05,0.05
JPN,Beach Volleyball,1,0.05,0.05
JPN,Boxing,1,0.218008577,0.05
JPN,Canoeing,1.04606917,0.375278664,0.05
JPN,Cycling,1.010824368,0.336495347,0.056884464
JPN,Cycling BMX Racing,1,0.218008577,0.05
JPN,Cycling Road,1,0.218008577,0.05
JPN,Cycling Track,10.98309508,0.05,0.457007293
JPN,Diving,1,0.356112632,0.05
JPN,Equestrian,1.017922647,0.365133426,0.05
JPN,Fencing,1.933652537,0.649465604,0.055055625
JPN,Football,1,0.05,0.05
JPN,Golf,1,1.275035634,0.05
JPN,Gymnastics,1.518852369,0.462414559,0.07251605
JPN,Handball,1,0.05,0.05
JPN,Hockey,1,0.05,0.05
JPN,Judo,5.829752234,0.810375511,0.181334923
JPN,Marathon Swimming,1,0.218008577,0.05
JPN,Modern Pentathlon,1,0.284900157,0.05
JPN,Rowing,1,0.095555904,0.05
JPN,Sailing,1.023001782,0.466484834,0.064629485
JPN,Shooting,1.331973781,0.377682931,0.051651493
JPN,Skateboarding,7.382922991,0.202039806,0.245960219
JPN,Softball,6.136242262,1.581803522,0.071227461
JPN,Surfing,10.98309508,0.05,0.457007293
JPN,Swimming,2.115085557,0.458967637,0.095187451
JPN,Synchronized Swimming,1.594956104,0.220478687,0.080410173
JPN,Table Tennis,1.681612504,0.433190106,0.06842489
JPN,Taekwondo,5.86155167,0.134004289,0.115694115
JPN,Tennis,1.058633489,0.443324824,0.05
JPN,Triathlon,1,0.261635676,0.05
JPN,Volleyball,1.018715574,0.055844442,0.059495491
JPN,Water Polo,1,0.05,0.05
JPN,Weightlifting,3.174896383,0.455572178,0.105804411
JPN,Wrestling,4.880460457,0.476818488,0.122735871
KAZ,Archery,1,0.288631713,0.05
KAZ,Athletics,1.495989416,0.31438165,0.059938221
KAZ,Boxing,3.367325037,0.574613638,0.107202816
KAZ,Canoeing,1,0.31222176,0.05
KAZ,Cycling,1.887152708,0.394907264,0.084154617
KAZ,Cycling Road,1,0.218008577,0.05
KAZ,Diving,1,0.218008577,0.05
KAZ,Fencing,1,0.218008577,0.05
KAZ,Gymnastics,1,0.218008577,0.05
KAZ,Judo,1.626134067,0.64409777,0.05
KAZ,Modern Pentathlon,1,0.268177262,0.05
KAZ,Rowing,1,0.218008577,0.05
KAZ,Shooting,1.00045787,0.455370177,0.055775154
KAZ,Swimming,1,0.208538503,0.05
KAZ,Synchronized Swimming,1,0.05,0.05
KAZ,Table Tennis,1,0.218008577,0.05
KAZ,Tennis,1,0.218008577,0.05
KAZ,Triathlon,1,0.218008577,0.05
KAZ,Water Polo,1,0.05,0.051010504
KAZ,Weightlifting,2.008970014,1.060264164,0.05
KAZ,Wrestling,3.565758014,0.696640056,0.1464274
KEN,Archery,1,0.218008577,0.05
KEN,Athletics,2.838306633,0.767430491,0.112013109
KEN,Boxing,1,0.661749514,0.05
KEN,Hockey,1,0.05,0.05
KEN,Shooting,1,0.280537131,0.05
KEN,Swimming,1,0.218008577,0.05
KEN,Volleyball,1,0.05,0.05
KGZ,Athletics,1,0.268867606,0.05
KGZ,Cycling,1,0.218008577,0.05
KGZ,Judo,1,0.218008577,0.05
KGZ,Shooting,1,0.218008577,0.05
KGZ,Swimming,1.415774772,0.205123137,0.066383857
KGZ,Weightlifting,1,0.218008577,0.05
KGZ,Wrestling,2.512423306,0.729697122,0.057694998
KOR,Archery,6.434084344,0.700503111,0.109209284
KOR,Athletics,1.252854023,0.254227335,0.057611256
KOR,Badminton,2.074479443,1.114711848,0.095380063
KOR,Baseball,1,1.957479663,0.05
KOR,Basketball,1,0.05,0.06586057
KOR,Boxing,1.953635733,0.291804106,0.050020402
KOR,Canoeing,1,0.218008577,0.05
KOR,Cycling,1,0.202549319,0.05
KOR,Diving,1,0.218008577,0.05
KOR,Equestrian,1,0.170006126,0.05
KOR,Fencing,2.624401156,0.463588979,0.111617748
KOR,Football,1,0.05,0.05
KOR,Golf,1,0.218008577,0.05
KOR,Gymnastics,1.3530436,0.275640282,0.061375992
KOR,Handball,1,0.053034313,0.058740739
KOR,Hockey,1,0.05,0.061913804
KOR,Judo,3.460136968,0.980793057,0.117138667
KOR,Modern Pentathlon,2.175007314,0.197007505,0.08819367
KOR,Rowing,1,0.218008577,0.05
KOR,Sailing,1,0.351997716,0.05
KOR,Shooting,2.626786273,0.331746889,0.11858274
KOR,Swimming,1.464975836,0.393220844,0.064063887
KOR,Synchronized Swimming,1,0.05,0.05
KOR,Table Tennis,3.660058758,0.629030646,0.137998593
KOR,Taekwondo,9.088835887,0.601275605,0.136279685
KOR,Tennis,1,0.232539728,0.05
KOR,Volleyball,1,0.05,0.05
KOR,Weightlifting,3.439592277,0.458243619,0.121405741
KOR,Wrestling,3.505578774,0.560236991,0.111778415
KOS,Judo,3.566077803,0.945869273,0.169572879
KSA,Athletics,1.012267617,0.339926176,0.057802392
KSA,Equestrian,1.008215687,0.769903856,0.05
KSA,Shooting,1,0.407216357,0.05
KSA,Swimming,1,0.218008577,0.05
KUW,Athletics,1,0.255760748,0.05
KUW,Diving,1,0.218008577,0.05
KUW,Fencing,1,0.146385778,0.05
KUW,Football,1,0.05,0.05
KUW,Handball,1,0.05,0.05
KUW,Judo,1,0.309159667,0.05
KUW,Shooting,1.524371447,0.722622054,0.05
KUW,Swimming,1,0.407216357,0.05
KUW,Table Tennis,1,0.218008577,0.05
KUW,Weightlifting,1,0.218008577,0.05
LAO,Athletics,1,0.218008577,0.05
LAO,Swimming,1,0.218008577,0.05
LAT,Athletics,2.007084561,0.228194466,0.088478372
LAT,Beach Volleyball,3.935036688,0.61091905,0.146185865
LAT,Canoeing,8.01433332,0.135734206,0.05
LAT,Cycling,3.469781065,0.462499994,0.10049895
LAT,Cycling Road,1,0.218008577,0.05
LAT,Equestrian,1,0.218008577,0.05
LAT,Gymnastics,2.463508004,0.194007352,0.118327359
LAT,Judo,5.77175709,0.134004289,0.162271436
LAT,Modern Pentathlon,1,0.678596103,0.084289269
LAT,Sailing,1,0.218008577,0.05
LAT,Shooting,4.383290408,0.176006433,0.076507763
LAT,Swimming,1,0.228180383,0.05
LAT,Tennis,1,0.218008577,0.05
LAT,Weightlifting,1,0.79240849,0.060141893
LAT,Wrestling,1,0.218008577,0.05
LBA,Athletics,1,0.268867606,0.05
LBN,Shooting,1,0.218008577,0.05
LBR,Athletics,1,0.220729855,0.05
LCA,Athletics,1,0.374786487,0.05
LCA,Swimming,1,0.218008577,0.05
LES,Athletics,1,0.24309292,0.05
LIB,Athletics,1,0.251914596,0.05
LIB,Boxing,1,0.218008577,0.05
LIB,Cycling,1,0.218008577,0.05
LIB,Fencing,1,0.187348497,0.05
LIB,Judo,1,0.218008577,0.05
LIB,Shooting,1,0.218008577,0.05
LIB,Swimming,1,0.218008577,0.05
LIB,Weightlifting,6.58706012,0.134004289,0.142236587
LIB,Wrestling,1,0.218008577,0.05
LIE,Athletics,1,0.263092858,0.05
LIE,Cycling,1,0.218008577,0.05
LIE,Judo,1,0.218008577,0.05
LIE,Shooting,1,0.319726634,0.05
LIE,Swimming,1,0.218008577,0.05
LIE,Tennis,1,0.218008577,0.05
LTU,Athletics,1.586197644,0.520407536,0.070177515
LTU,Badminton,1,0.218008577,0.05
LTU,Basketball,1,0.05,0.056872362
LTU,Boxing,1,0.218008577,0.05
LTU,Canoeing,1,0.285820615,0.05
LTU,Cycling,2.130613943,0.364394361,0.082696348
LTU,Cycling Road,1,0.218008577,0.05
LTU,Cycling Track,1,0.218008577,0.05
LTU,Gymnastics,1,0.218008577,0.05
LTU,Judo,1,0.218008577,0.05
LTU,Modern Pentathlon,3.102622715,1.30337914,0.143918304
LTU,Rowing,1,1.189827277,0.05
LTU,Sailing,4.415448887,0.162005718,0.163445527
LTU,Shooting,11.54140715,0.05,0.4598554
LTU,Swimming,1.465661638,0.213592509,0.071740523
LTU,Table Tennis,1,0.42984634,0.05
LTU,Weightlifting,1,0.319726634,0.05
LTU,Wrestling,1,0.661163011,0.05
LUX,Archery,1,0.318345947,0.05
LUX,Athletics,2.463508004,0.248066717,0.118327359
LUX,Cycling,1,0.270968018,0.05
LUX,Cycling Road,1,0.218008577,0.05
LUX,Equestrian,1,0.218008577,0.05
LUX,Fencing,1,0.177137723,0.05
LUX,Gymnastics,1,0.337166305,0.05
LUX,Judo,1,0.218008577,0.05
LUX,Shooting,1,0.218008577,0.05
LUX,Swimming,1,0.236502769,0.05
LUX,Table Tennis,1,0.313515041,0.05
LUX,Tennis,1,0.268867606,0.05
LUX,Triathlon,1,0.218008577,0.05
LUX,Wrestling,1,0.218008577,0.05
MAD,Athletics,1,0.222437019,0.05
MAD,Boxing,1,0.218008577,0.05
MAD,Judo,1,0.218008577,0.05
MAD,Swimming,1,0.251914596,0.05
MAD,Tennis,1,0.288621165,0.05
MAL,Swimming,1,0.218008577,0.05
MAR,Athletics,1.78921749,0.477314663,0.079111111
MAR,Boxing,1,0.410195315,0.05
MAR,Cycling,1,0.218008577,0.05
MAR,Equestrian,1,0.218008577,0.05
MAR,Fencing,1,0.218008577,0.05
MAR,Football,1,0.05,0.05
MAR,Judo,1,0.234961587,0.05
MAR,Surfing,1,0.218008577,0.05
MAR,Swimming,1,0.218008577,0.05
MAR,Taekwondo,1,0.218008577,0.05
MAR,Tennis,1,0.409497037,0.05
MAR,Wrestling,1,0.294515976,0.05
MAS,Archery,1,0.218008577,0.05
MAS,Athletics,1,0.221229262,0.05
MAS,Badminton,1.905579881,1.000331113,0.082700508
MAS,Cycling,1.09213834,0.503486448,0.05
MAS,Cycling Track,3.49577377,0.176006433,0.151751823
MAS,Diving,1,0.627503803,0.054771198
MAS,Golf,1,0.218008577,0.05
MAS,Hockey,1,0.05,0.05
MAS,Sailing,1,0.268867606,0.05
MAS,Shooting,1,0.218008577,0.05
MAS,Swimming,1,0.208538503,0.05
MAS,Weightlifting,1,0.218008577,0.05
MAW,Athletics,1,0.278574195,0.05
MAW,Boxing,1,0.218008577,0.05
MAW,Cycling,1,0.218008577,0.05
MAW,Swimming,1,0.218008577,0.05
MDA,Archery,1,0.218008577,0.05
MDA,Athletics,1,0.288598912,0.05
MDA,Boxing,5.77175709,0.209257316,0.162271436
MDA,Canoeing,8.484523696,0.165014593,0.148593158
MDA,Cycling,1,0.368514632,0.05
MDA,Judo,1,2.33206269,0.05
MDA,Shooting,1.061338085,0.878866638,0.089011961
MDA,Swimming,1,0.252115061,0.05
MDA,Taekwondo,1,0.368514632,0.05
MDA,Weightlifting,1,0.243438091,0.05
MDA,Wrestling,1,0.956207358,0.05
MDV,Athletics,1,0.218008577,0.05
MDV,Badminton,1,0.218008577,0.05
MDV,Swimming,1,0.218008577,0.05
MEX,Archery,1.504424882,0.682442893,0.072241329
MEX,Athletics,1.69751408,0.381005228,0.076452524
MEX,Basketball,1,0.05,0.05
MEX,Beach Volleyball,1,0.05,0.05
MEX,Boxing,1,0.218008577,0.05
MEX,Canoeing,1,0.328655821,0.05
MEX,Cycling,1.693589774,0.412633589,0.066038777
MEX,Cycling Track,1,0.218008577,0.05
MEX,Diving,1.901882479,0.669345367,0.087879447
MEX,Equestrian,1.074279754,0.307127078,0.051683416
MEX,Fencing,1.000046804,0.429705946,0.05
MEX,Football,1.011944736,0.094326949,0.063064626
MEX,Golf,1,0.218008577,0.05
MEX,Gymnastics,1,0.246948721,0.05
MEX,Hockey,1,0.05,0.05
MEX,Judo,1,0.699638376,0.05
MEX,Modern Pentathlon,1,0.255509988,0.05
MEX,Rowing,1,0.106002859,0.05
MEX,Sailing,1.003194989,0.298610438,0.05
MEX,Shooting,1.0589748,0.288754348,0.05
MEX,Swimming,1.332959568,0.173047396,0.063285439
MEX,Synchronized Swimming,1,0.117203431,0.05
MEX,Table Tennis,1,0.319726634,0.05
MEX,Taekwondo,8.59175939,0.106002859,0.154396168
MEX,Tennis,1,0.218008577,0.05
MEX,Triathlon,1,0.218008577,0.05
MEX,Water Polo,1,0.05,0.05
MEX,Weightlifting,1,0.218008577,0.05
MEX,Wrestling,1,0.267056565,0.05
MGL,Archery,1,0.218008577,0.05
MGL,Athletics,1,0.300934414,0.05
MGL,Boxing,2.247886885,0.461264269,0.100875912
MGL,Cycling,1,0.218008577,0.05
MGL,Gymnastics,1,0.218008577,0.05
MGL,Judo,2.722620603,0.432151391,0.095038301
MGL,Shooting,1,0.341167526,0.050400721
MGL,Swimming,1,0.368514632,0.05
MGL,Wrestling,1.818600215,0.503212169,0.076911914
MHL,Athletics,1,0.218008577,0.05
MHL,Swimming,1,0.218008577,0.05
MKD,Athletics,1,0.218008577,0.05
MKD,Canoeing,1,0.407216357,0.05
MKD,Shooting,1,0.218008577,0.05
MKD,Swimming,1,0.218008577,0.05
MKD,Wrestling,10.40005851,0.05,0.355549362
MLI,Athletics,1,0.301063352,0.05
MLI,Swimming,1,0.268867606,0.05
MLI,Taekwondo,1,0.218008577,0.05
MLT,Archery,1,0.319726634,0.05
MLT,Athletics,1,0.218008577,0.05
MLT,Cycling,1,0.368514632,0.05
MLT,Judo,1,0.218008577,0.05
MLT,Sailing,1,0.218008577,0.05
MLT,Shooting,1,0.265310522,0.05
MLT,Swimming,1,0.218008577,0.05
MNE,Athletics,1,0.218008577,0.05
MNE,Handball,1,0.05,0.113938476
MNE,Judo,1,0.319726634,0.05
MNE,Sailing,1,0.218008577,0.05
MNE,Shooting,1,0.218008577,0.05
MNE,Swimming,1,0.218008577,0.05
MNE,Water Polo,1,0.05,0.061941285
MON,Archery,1,0.218008577,0.05
MON,Athletics,1,0.218008577,0.05
MON,Fencing,1,0.218008577,0.05
MON,Judo,1,0.251914596,0.05
MON,Rowing,1,0.218008577,0.05
MON,Sailing,1,0.592123625,0.05
MON,Shooting,1,0.341636626,0.05
MON,Swimming,1,0.218008577,0.05
MON,Table Tennis,1,0.218008577,0.05
MOZ,Athletics,1.007698792,0.99363202,0.076761443
MOZ,Boxing,1,0.368514632,0.05
MOZ,Swimming,1,0.218008577,0.05
MRI,Archery,1,0.218008577,0.05
MRI,Athletics,1,0.268867606,0.05
MRI,Badminton,1,0.218008577,0.05
MRI,Boxing,1,0.218008577,0.05
MRI,Cycling,1,0.218008577,0.05
MRI,Judo,1,0.218008577,0.05
MRI,Swimming,1,0.218008577,0.05
MRI,Triathlon,1,0.218008577,0.05
MTN,Athletics,1,0.218008577,0.05
MYA,Archery,1,0.218008577,0.05
MYA,Athletics,1,0.238352188,0.05
MYA,Badminton,1,0.218008577,0.05
MYA,Boxing,1,0.319726634,0.05
MYA,Rowing,1,0.218008577,0.05
MYA,Sailing,1,0.218008577,0.05
MYA,Swimming,1,0.218008577,0.05
MYA,Weightlifting,1,0.218008577,0.05
NAM,Athletics,4.180928771,0.621272902,0.092954389
NAM,Cycling,1,0.268867606,0.05
NAM,Cycling Mountain Bike,1,0.218008577,0.05
NAM,Cycling Road,1,0.218008577,0.05
NAM,Shooting,1,0.285820615,0.05
NAM,Swimming,1,0.251914596,0.05
NCA,Athletics,1,0.218008577,0.05
NCA,Judo,1,0.218008577,0.05
NCA,Rowing,1,0.218008577,0.05
NCA,Shooting,1,0.42984634,0.05
NCA,Swimming,1,0.218008577,0.05
NCA,Weightlifting,1,0.368514632,0.05
NED,Archery,2.615262799,0.2320445,0.109379721
NED,Athletics,2.1203973,0.207428247,0.078263292
NED,Badminton,1.431724277,0.266764151,0.05
NED,Baseball,1,0.265509686,0.05
NED,Beach Volleyball,1,0.05,0.05
NED,Boxing,1,0.588124745,0.05
NED,Canoeing,1.018401426,0.65897777,0.061703588
NED,Cycling,2.581596218,0.440784728,0.091050739
NED,Cycling BMX Racing,4.133352837,0.162005718,0.151849787
NED,Cycling Mountain Bike,1,0.218008577,0.05
NED,Cycling Road,1,1.118198915,0.05
NED,Cycling Track,4.660795086,0.500956591,0.117834549
NED,Diving,1,0.251914596,0.05
NED,Equestrian,3.198418835,0.578137599,0.108301787
NED,Fencing,1,0.319726634,0.05
NED,Golf,1,0.218008577,0.05
NED,Gymnastics,1.077430624,0.277454402,0.054603016
NED,Hockey,1,0.05439944,0.058803388
NED,Judo,2.634410281,0.567598885,0.090665746
NED,Marathon Swimming,1,1.167627019,0.05
NED,Rowing,1.924024835,0.474214692,0.083865114
NED,Sailing,2.232162778,0.47064175,0.078288104
NED,Shooting,1.065350584,0.486300711,0.069028008
NED,Skateboarding,1,0.218008577,0.05
NED,Swimming,2.295454036,0.386462413,0.098824742
NED,Synchronized Swimming,1,0.05,0.05
NED,Table Tennis,1,0.170332166,0.05
NED,Tennis,1,0.218008577,0.05
NED,Triathlon,1,0.218008577,0.05
NED,Volleyball,1.016294217,0.089314117,0.067491785
NED,Water Polo,1,0.075242551,0.053015201
NEP,Athletics,1,0.387865494,0.05
NEP,Boxing,1,0.218008577,0.05
NEP,Swimming,1,0.218008577,0.05
NGR,Athletics,1.760833171,0.222556614,0.08090595
NGR,Basketball,1,0.05,0.05
NGR,Boxing,1,0.218008577,0.05
NGR,Canoeing,1,0.218008577,0.05
NGR,Football,1,0.05,0.061921771
NGR,Judo,1,0.218008577,0.05
NGR,Swimming,1,0.368514632,0.05
NGR,Table Tennis,1,0.203769989,0.05
NGR,Taekwondo,1,0.523839199,0.065903993
NGR,Weightlifting,1,0.251914596,0.05
NGR,Wrestling,2.66384918,0.190007148,0.117834549
NIG,Athletics,1,0.319726634,0.05
NIG,Boxing,1,2.33206269,0.05
NIG,Judo,1,0.218008577,0.05
NOR,Archery,1,0.325842163,0.05
NOR,Athletics,2.649243319,0.431055519,0.098718099
NOR,Beach Volleyball,1,0.05,0.05
NOR,Boxing,1,0.218008577,0.05
NOR,Canoeing,3.87452586,0.589206609,0.079782496
NOR,Cycling,1.000987759,0.527126962,0.057762927
NOR,Equestrian,1,0.218008577,0.05
NOR,Fencing,1,0.171630802,0.05
NOR,Football,1,0.05,0.060458162
NOR,Golf,1,0.218008577,0.05
NOR,Gymnastics,1,0.20508484,0.05
NOR,Handball,1,0.055572974,0.056366283
NOR,Rowing,3.361942347,1.033121415,0.092630812
NOR,Sailing,2.842407381,0.543379204,0.119321902
NOR,Shooting,1.761197198,0.301720805,0.083112606
NOR,Swimming,1.671432751,0.424187477,0.071824954
NOR,Tennis,1,0.319726634,0.05
NOR,Triathlon,6.122278015,0.134004289,0.289145758
NOR,Weightlifting,6.122278015,0.209257316,0.289145758
NOR,Wrestling,1,0.671299831,0.077497756
NRU,Weightlifting,1,0.344120633,0.05
NZL,Archery,1,0.218008577,0.05
NZL,Athletics,1.81207357,0.624231272,0.081314842
NZL,Badminton,1,0.218008577,0.05
NZL,Basketball,1,0.05,0.05
NZL,Boxing,1,0.293261605,0.05
NZL,Canoeing,6.809446208,0.825144708,0.216989216
NZL,Cycling,1.00398298,0.4925276,0.053001825
NZL,Cycling Track,1.00658506,1.561031844,0.05
NZL,Equestrian,3.032447482,0.398754423,0.079583684
NZL,Fencing,1,0.218008577,0.05
NZL,Football,1,0.05,0.05
NZL,Golf,4.047299006,1.014785872,0.05
NZL,Gymnastics,5.700029255,0.134004289,0.202774681
NZL,Hockey,1,0.051726027,0.05
NZL,Judo,1,0.255635091,0.05
NZL,Rowing,2.143153904,0.526845982,0.073382138
NZL,Sailing,5.514070397,0.534873567,0.127836743
NZL,Shooting,2.192939273,0.277013829,0.078067859
NZL,Surfing,1,0.218008577,0.05
NZL,Swimming,1.404227266,0.334613438,0.06484493
NZL,Table Tennis,1,0.185146198,0.05
NZL,Taekwondo,1,0.218008577,0.05
NZL,Tennis,1,0.218008577,0.05
NZL,Triathlon,2.202333084,0.67829912,0.065621641
NZL,Weightlifting,1,0.251914596,0.05
NZL,Wrestling,1,0.218008577,0.05
OMA,Athletics,1,0.208538503,0.05
OMA,Shooting,1,0.397990607,0.05
OMA,Swimming,1,0.218008577,0.05
PAK,Athletics,1.000987759,0.348551235,0.05
PAK,Boxing,1,0.218008577,0.05
PAK,Cycling,1,0.218008577,0.05
PAK,Hockey,1,0.067535712,0.056177327
PAK,Sailing,1,0.218008577,0.05
PAK,Shooting,1,0.270968018,0.05
PAK,Swimming,1,0.218008577,0.05
PAK,Weightlifting,1,0.218008577,0.05
PAK,Wrestling,1,0.238352188,0.05
PAN,Athletics,1.376091601,0.485244575,0.072357505
PAN,Swimming,1,0.251914596,0.05
PAN,Weightlifting,1,0.218008577,0.05
PAN,Wrestling,1,0.218008577,0.05
PAR,Athletics,1,0.306494119,0.05
PAR,Football,1,0.05,0.05
PAR,Golf,1,0.218008577,0.05
PAR,Judo,1,0.218008577,0.05
PAR,Rowing,1,0.218008577,0.05
PAR,Swimming,1,0.218008577,0.05
PAR,Table Tennis,1,0.319726634,0.05
PAR,Tennis,1,0.218008577,0.05
PER,Athletics,1,0.239509442,0.05
PER,Badminton,1,0.218008577,0.05
PER,Fencing,1,0.218008577,0.05
PER,Judo,1,0.218008577,0.05
PER,Sailing,1,0.319726634,0.05
PER,Shooting,1.001238645,0.51637056,0.057619837
PER,Surfing,1,0.218008577,0.05
PER,Swimming,1,0.243438091,0.05
PER,Table Tennis,1,0.134004289,0.05
PER,Taekwondo,1,0.218008577,0.05
PER,Volleyball,1,0.05,0.05
PER,Weightlifting,1,0.218008577,0.05
PER,Wrestling,1,0.368514632,0.05
PHI,Archery,1,0.218008577,0.05
PHI,Athletics,1,0.259068463,0.05
PHI,Basketball,1,0.05,0.05
PHI,Boxing,1,0.218008577,0.05
PHI,Cycling,1,0.218008577,0.05
PHI,Diving,1,0.368514632,0.05
PHI,Equestrian,1,0.218008577,0.05
PHI,Golf,1,0.218008577,0.05
PHI,Gymnastics,1.005644337,1.097851822,0.05
PHI,Judo,1,0.218008577,0.05
PHI,Sailing,1,0.371765197,0.05
PHI,Shooting,1,0.230723334,0.05
PHI,Swimming,1,0.238928264,0.05
PHI,Taekwondo,1,0.218008577,0.05
PHI,Weightlifting,1,0.218008577,0.05
PHI,Wrestling,1,0.218008577,0.05
PLW,Athletics,1,0.293261605,0.05
PLW,Wrestling,1,0.368514632,0.05
PNG,Athletics,1,0.247348776,0.05
PNG,Boxing,1,0.218008577,0.05
PNG,Judo,1,0.218008577,0.05
PNG,Shooting,1,0.368514632,0.05
PNG,Swimming,1,0.312612467,0.05
PNG,Taekwondo,1,0.218008577,0.05
PNG,Weightlifting,1,0.268867606,0.05
POL,Archery,2.674528608,0.307173997,0.092299769
POL,Athletics,2.11627638,0.47288169,0.09008574
POL,Badminton,1,0.305233335,0.05
POL,Basketball,1,0.05,0.05
POL,Beach Volleyball,1,0.05,0.05
POL,Boxing,6.388704777,0.25867668,0.12429585
POL,Canoeing,2.318483281,0.546535687,0.087409605
POL,Cycling,2.21408498,0.317647865,0.08518096
POL,Cycling Road,1,0.218008577,0.05
POL,Cycling Track,1,0.555579954,0.05
POL,Diving,1,0.278210999,0.05
POL,Equestrian,1.032375503,0.418493227,0.05
POL,Fencing,1.786243534,0.448343161,0.072747797
POL,Football,1,0.05,0.05
POL,Golf,1,0.218008577,0.05
POL,Gymnastics,1.085298628,0.288959885,0.051408192
POL,Handball,1,0.05,0.050828168
POL,Hockey,1,0.05,0.05
POL,Judo,1.289597925,0.471335597,0.061178752
POL,Modern Pentathlon,1.20706975,1.129692842,0.062038656
POL,Rowing,2.438603498,0.275190453,0.106308158
POL,Sailing,1.641892775,0.437223308,0.058570709
POL,Shooting,2.04738681,0.457306894,0.085803481
POL,Swimming,1.40764933,0.330909543,0.074023606
POL,Table Tennis,1,0.151015818,0.05
POL,Tennis,1,0.507832584,0.05
POL,Triathlon,1,0.218008577,0.05
POL,Volleyball,1.023492678,0.051954698,0.056342963
POL,Weightlifting,2.967486576,0.738036158,0.115719035
POL,Wrestling,2.771670851,0.899866814,0.077855007
POR,Archery,1,0.288621165,0.05
POR,Athletics,1.540362278,0.346084241,0.06021524
POR,Badminton,1,0.251914596,0.05
POR,Beach Volleyball,1,0.05,0.05
POR,Canoeing,2.615262799,0.215436662,0.109379721
POR,Cycling,1,0.251454367,0.05
POR,Cycling Mountain Bike,1,0.218008577,0.05
POR,Cycling Road,1,0.218008577,0.05
POR,Cycling Track,1,0.218008577,0.05
POR,Equestrian,1,0.269053124,0.05
POR,Fencing,1,0.268177262,0.05
POR,Football,1,0.05,0.05
POR,Gymnastics,1,0.298175554,0.05
POR,Judo,2.342865501,0.521296666,0.093649909
POR,Marathon Swimming,1,0.218008577,0.05
POR,Modern Pentathlon,1,0.407216357,0.05
POR,Rowing,1,0.05,0.05
POR,Sailing,1.931176687,0.408999167,0.065372765
POR,Shooting,1.002875491,0.58307388,0.05
POR,Skateboarding,1,0.218008577,0.05
POR,Surfing,1,0.218008577,0.05
POR,Swimming,1,0.24385295,0.05
POR,Table Tennis,1,0.197025109,0.05
POR,Tennis,1,0.268867606,0.05
POR,Triathlon,1,0.89315133,0.05
POR,Weightlifting,1,0.218008577,0.05
POR,Wrestling,1,0.319726634,0.05
PRK,Archery,1,0.218008577,0.05
PRK,Athletics,1,0.238352188,0.05
PRK,Boxing,13.09938645,0.05,0.111559986
PRK,Diving,1,0.247070879,0.05
PRK,Gymnastics,2.395815124,0.36419421,0.090337518
PRK,Judo,5.99154754,0.60881351,0.253503647
PRK,Shooting,1.86351283,0.297427164,0.072586456
PRK,Table Tennis,1,0.318832896,0.05
PRK,Weightlifting,5.80018827,0.281567741,0.12286243
PRK,Wrestling,2.471769356,1.190559814,0.061927995
PUR,Athletics,1.587971199,0.26912788,0.058170977
PUR,Basketball,1,0.05,0.05
PUR,Boxing,1,0.218008577,0.05
PUR,Diving,1,0.218008577,0.05
PUR,Fencing,1,0.368514632,0.05
PUR,Gymnastics,1,0.218008577,0.05
PUR,Judo,1,0.25707333,0.05
PUR,Rowing,1,0.218008577,0.05
PUR,Sailing,1,0.268718999,0.05
PUR,Shooting,1,0.253402794,0.05
PUR,Swimming,1,0.21956457,0.05
PUR,Table Tennis,1,0.218008577,0.05
PUR,Triathlon,1,0.218008577,0.05
PUR,Weightlifting,1,0.265310522,0.05
PUR,Wrestling,1,0.218008577,0.05
QAT,Athletics,1.587971199,0.295609993,0.058170977
QAT,Handball,1,0.05,0.05
QAT,Shooting,1.507364664,0.546423661,0.05
QAT,Table Tennis,1,0.218008577,0.05
QAT,Weightlifting,10.40005851,0.05,0.355549362
ROU,Archery,1,0.218008577,0.05
ROU,Athletics,2.359332944,0.635695967,0.093164752
ROU,Boxing,3.345782151,0.860920823,0.136792852
ROU,Canoeing,3.220232226,0.674346192,0.094479809
ROU,Cycling,1,0.278210999,0.05
ROU,Diving,1,0.268867606,0.05
ROU,Fencing,1.88523564,0.522472765,0.075662524
ROU,Gymnastics,1.741694721,0.314188298,0.070240933
ROU,Handball,1,0.05,0.051373551
ROU,Judo,1.817666219,0.703541887,0.085766453
ROU,Modern Pentathlon,1,0.368514632,0.05
ROU,Rowing,2.810770464,0.399854095,0.104911786
ROU,Shooting,3.100230634,0.576118776,0.144646999
ROU,Swimming,1.776265806,0.488200555,0.086032562
ROU,Table Tennis,1.001597495,0.211572622,0.05
ROU,Tennis,1,0.591945683,0.05
ROU,Triathlon,1,0.218008577,0.05
ROU,Volleyball,1,0.05,0.05
ROU,Water Polo,1,0.05,0.05
ROU,Weightlifting,1.053747365,1.263432512,0.053975998
ROU,Wrestling,3.237180215,0.581069765,0.104285401
RSA,Archery,1,0.268867606,0.05
RSA,Athletics,2.099010823,0.312423849,0.090214997
RSA,Badminton,1,0.302083281,0.05
RSA,Boxing,5.700029255,0.719201947,0.202774681
RSA,Canoeing,3.350014628,0.176006433,0.126387341
RSA,Cycling,2.870123608,0.185351979,0.12914433
RSA,Cycling Mountain Bike,1,1.275035634,0.05
RSA,Cycling Road,1,0.218008577,0.05
RSA,Cycling Track,1,0.218008577,0.05
RSA,Diving,1,0.218008577,0.05
RSA,Fencing,1,0.592123625,0.05
RSA,Football,1,0.05,0.05
RSA,Golf,1,0.218008577,0.05
RSA,Gymnastics,1,0.218008577,0.05
RSA,Hockey,1,0.05,0.05
RSA,Judo,1,0.218008577,0.05
RSA,Modern Pentathlon,1,0.218008577,0.05
RSA,Rowing,1.108824918,0.483560996,0.051206903
RSA,Sailing,1,0.232539728,0.05
RSA,Shooting,1,0.218008577,0.05
RSA,Skateboarding,1,0.218008577,0.05
RSA,Swimming,1.857836445,0.413691345,0.096814671
RSA,Tennis,2.66384918,0.223913167,0.117834549
RSA,Triathlon,1,0.24309292,0.05
RSA,Water Polo,1,0.05,0.05
RSA,Wrestling,1,0.218008577,0.05
RUS,Archery,1.001082144,0.825135816,0.05
RUS,Athletics,3.050458681,0.407204424,0.108914873
RUS,Badminton,1,0.268177262,0.05
RUS,Basketball,1.011746339,0.05,0.059125507
RUS,Beach Volleyball,1,0.05,0.05
RUS,Boxing,5.093053845,1.08212662,0.149420646
RUS,Canoeing,2.522846385,0.727969041,0.098997293
RUS,Cycling,2.660288877,0.56452283,0.100742496
RUS,Diving,4.135221585,0.632175342,0.13186871
RUS,Equestrian,1,0.268177262,0.05
RUS,Fencing,3.029913433,0.827016244,0.084123247
RUS,Gymnastics,2.659481488,0.462281408,0.090822693
RUS,Handball,1.040116204,0.051231038,0.070669909
RUS,Judo,4.165610853,0.59150531,0.155158088
RUS,Modern Pentathlon,3.167721664,1.601332249,0.090063804
RUS,Rowing,1.723816531,0.210330586,0.096711645
RUS,Sailing,1.026769729,0.422424304,0.057031417
RUS,Shooting,3.657732396,0.699114693,0.151432767
RUS,Swimming,2.138682199,0.384379647,0.089134861
RUS,Synchronized Swimming,1.673154635,0.411276561,0.050014401
RUS,Table Tennis,1,0.180199716,0.05
RUS,Tennis,1.470990684,0.617366077,0.065277468
RUS,Triathlon,1,0.251914596,0.05
RUS,Volleyball,1,0.065404243,0.055883885
RUS,Water Polo,1,0.05,0.053188085
RUS,Weightlifting,7.767168243,0.585012621,0.142308081
RUS,Wrestling,7.632859351,0.921493086,0.239549648
RWA,Athletics,1,0.218008577,0.05
RWA,Swimming,1,0.218008577,0.05
SAM,Athletics,1,0.218008577,0.05
SAM,Canoeing,1,0.218008577,0.05
SAM,Weightlifting,1,0.218008577,0.05
SCG,Athletics,1,0.348889875,0.05
SCG,Basketball,1,0.05,0.084404056
SCG,Fencing,1,0.218008577,0.05
SCG,Judo,1,0.218008577,0.05
SCG,Shooting,5.582762647,0.521872583,0.208714215
SCG,Swimming,1,0.218008577,0.05
SCG,Table Tennis,1,0.203359813,0.05
SCG,Volleyball,1.236853405,0.09367341,0.068938708
SCG,Water Polo,1,0.05,0.067559774
SEN,Athletics,1.004973358,0.227875618,0.053163132
SEN,Basketball,1,0.05,0.05
SEN,Fencing,1,0.218008577,0.05
SEN,Judo,1,0.255635091,0.05
SEN,Swimming,1,0.255850133,0.05
SEN,Table Tennis,1,0.218008577,0.05
SEN,Taekwondo,1,0.218008577,0.05
SEN,Wrestling,1,0.254040593,0.05
SEY,Athletics,1,0.218008577,0.05
SEY,Boxing,1,0.218008577,0.05
SEY,Canoeing,1,0.218008577,0.05
SEY,Judo,1,0.218008577,0.05
SEY,Sailing,1,0.268867606,0.05
SEY,Swimming,1,0.319726634,0.05
SGP,Athletics,1,0.218008577,0.05
SGP,Badminton,1,0.218008577,0.05
SGP,Equestrian,1,0.218008577,0.05
SGP,Fencing,1,0.218008577,0.05
SGP,Sailing,1,0.234961587,0.05
SGP,Shooting,1,0.293149045,0.05
SGP,Swimming,1.000705542,0.324238493,0.05
SGP,Table Tennis,1.479602303,0.28170053,0.072203258
SGP,Weightlifting,1,2.91857959,0.05
SKN,Athletics,1,0.214282845,0.05
SLE,Athletics,1,0.192631874,0.05
SLE,Swimming,1,0.218008577,0.05
SLO,Archery,1,0.218008577,0.05
SLO,Athletics,1.073601484,0.465127099,0.05
SLO,Badminton,1,0.218008577,0.05
SLO,Canoeing,1.016674266,0.505085922,0.05
SLO,Cycling,1,0.246033478,0.05
SLO,Cycling Mountain Bike,1,0.218008577,0.05
SLO,Cycling Road,1,0.218008577,0.05
SLO,Golf,1,0.218008577,0.05
SLO,Gymnastics,1,0.248109788,0.05
SLO,Handball,1,0.05,0.051228649
SLO,Judo,1.001943583,0.892597267,0.055963997
SLO,Rowing,2.876143319,0.20861131,0.101278842
SLO,Sailing,1,0.845266232,0.05
SLO,Shooting,1,0.767589513,0.050843823
SLO,Swimming,1.009671325,0.340565599,0.055319813
SLO,Table Tennis,1,0.243438091,0.05
SLO,Tennis,1,0.305460411,0.05
SLO,Triathlon,1,0.218008577,0.05
SMR,Archery,1,0.218008577,0.05
SMR,Athletics,1,0.308594532,0.05
SMR,Cycling,1,0.218008577,0.05
SMR,Judo,1,0.363471496,0.05
SMR,Shooting,1.783338209,0.248222494,0.075462447
SMR,Swimming,1,0.218008577,0.05
SMR,Wrestling,10.40005851,0.05,0.355549362
SOL,Athletics,1,0.218008577,0.05
SOL,Weightlifting,1,0.218008577,0.05
SOM,Athletics,1,0.323998408,0.05
SRB,Athletics,1.053747365,0.469754657,0.05
SRB,Canoeing,1,0.218008577,0.05
SRB,Cycling,1,0.407216357,0.05
SRB,Handball,1,0.05,0.05
SRB,Judo,1,0.218008577,0.05
SRB,Rowing,1,0.118333856,0.05
SRB,Shooting,2.976049484,0.594541211,0.088876154
SRB,Swimming,1,0.349944945,0.051297745
SRB,Table Tennis,1,0.563073557,0.05
SRB,Taekwondo,11.24455603,0.05,0.528291515
SRB,Tennis,2.19540867,0.643183363,0.078067859
SRB,Volleyball,1.02083172,0.05,0.055735284
SRB,Water Polo,1,0.053547427,0.05
SRB,Wrestling,1,0.255635091,0.05
SRI,Athletics,2.39676503,0.237899938,0.073059147
SRI,Badminton,1,0.218008577,0.05
SRI,Shooting,1,0.278399213,0.05
SRI,Swimming,1,0.218008577,0.05
SSD,Athletics,1,0.218008577,0.05
SUD,Athletics,1.023001782,0.431648691,0.064629485
SUI,Archery,1,0.218008577,0.05
SUI,Athletics,1.003909951,0.299886014,0.05095424
SUI,Badminton,1,0.218008577,0.05
SUI,Beach Volleyball,2.197861428,0.05,0.083938875
SUI,Canoeing,1,0.268349848,0.05
SUI,Cycling,2.097967375,0.561499213,0.091875595
SUI,Cycling BMX Freestyle,10.40005851,0.05,0.355549362
SUI,Cycling BMX Racing,1,1.275035634,0.05
SUI,Cycling Mountain Bike,7.65539672,0.106002859,0.321338195
SUI,Cycling Road,1,0.218008577,0.05
SUI,Diving,1,0.368514632,0.05
SUI,Equestrian,2.533356003,0.695368114,0.076374312
SUI,Fencing,1.000858921,0.634165178,0.059446524
SUI,Golf,1,0.218008577,0.05
SUI,Gymnastics,1,0.261798852,0.050970102
SUI,Handball,1,0.05,0.05
SUI,Hockey,1,0.05,0.05
SUI,Judo,1,0.218008577,0.05
SUI,Modern Pentathlon,1,0.305976362,0.05
SUI,Rowing,1.794801872,0.695415132,0.095318293
SUI,Sailing,1,0.356474508,0.05
SUI,Shooting,1.656737478,0.402287419,0.076128029
SUI,Swimming,1.587503657,0.245739003,0.069096835
SUI,Synchronized Swimming,1,0.122003676,0.05
SUI,Tennis,3.436079334,0.688434162,0.145269691
SUI,Triathlon,5.240892395,0.474719468,0.161722528
SUI,Wrestling,2.192939273,0.215820762,0.078067859
SUR,Athletics,1.004107844,0.28067043,0.05
SUR,Badminton,1,0.218008577,0.05
SUR,Cycling,1,0.218008577,0.05
SUR,Cycling Track,1,0.218008577,0.05
SUR,Judo,1,0.218008577,0.05
SUR,Swimming,1,0.468453089,0.061384874
SVK,Archery,1,0.218008577,0.05
SVK,Athletics,1.286554662,0.361493832,0.05386436
SVK,Basketball,1,0.05,0.05
SVK,Canoeing,2.558988888,0.873075545,0.065165915
SVK,Cycling,1,0.279480165,0.05
SVK,Cycling Road,1,0.218008577,0.05
SVK,Gymnastics,1,0.218008577,0.05
SVK,Judo,1,0.218008577,0.05
SVK,Sailing,1,0.42984634,0.05
SVK,Shooting,2.187266668,0.348502568,0.082004711
SVK,Swimming,1.033546531,0.749079263,0.079576614
SVK,Table Tennis,1,0.302083281,0.05
SVK,Tennis,1,0.264244057,0.05
SVK,Triathlon,1,0.218008577,0.05
SVK,Water Polo,1,0.05,0.05
SVK,Weightlifting,1,0.293261605,0.05
SVK,Wrestling,8.20617613,0.134004289,0.071703842
SWE,Archery,2.271881877,0.267629788,0.094941798
SWE,Athletics,1.388874764,0.500450042,0.066559984
SWE,Badminton,1,0.24061259,0.05
SWE,Beach Volleyball,1,0.05,0.05
SWE,Boxing,3.350014628,0.176006433,0.126387341
SWE,Canoeing,3.649169627,0.622776506,0.131807835
SWE,Cycling,1.854473832,0.511116664,0.076792264
SWE,Cycling Mountain Bike,1,2.33206269,0.05
SWE,Diving,3.051061069,0.230625561,0.086707755
SWE,Equestrian,3.21919323,0.451014305,0.118500312
SWE,Fencing,2.19712546,0.213748328,0.107695205
SWE,Football,1,0.05,0.05
SWE,Golf,1,0.218008577,0.05
SWE,Gymnastics,1.626618247,0.269081416,0.053498257
SWE,Handball,1,0.05,0.060960882
SWE,Judo,1,0.24309292,0.05
SWE,Modern Pentathlon,3.389483798,0.350120942,0.131791838
SWE,Rowing,1,0.136956583,0.05
SWE,Sailing,3.651659286,0.808342495,0.094493579
SWE,Shooting,2.77531236,0.40967145,0.108002694
SWE,Swimming,1.389450886,0.375574093,0.067230589
SWE,Table Tennis,1.103926258,0.427337935,0.056315486
SWE,Taekwondo,1,0.218008577,0.05
SWE,Tennis,3.169244272,0.24076712,0.120511391
SWE,Triathlon,1.184014255,1.927129492,0.167035883
SWE,Weightlifting,1,0.218008577,0.05
SWE,Wrestling,4.896476501,0.446988506,0.171480885
SWZ,Athletics,1,0.218008577,0.05
SWZ,Swimming,1,0.218008577,0.05
SWZ,Weightlifting,1,0.218008577,0.05
SYR,Athletics,1.877547069,0.987470975,0.102167511
SYR,Boxing,1,0.218008577,0.05
SYR,Shooting,1,0.218008577,0.05
SYR,Swimming,1,0.218008577,0.05
SYR,Weightlifting,1,0.218008577,0.05
SYR,Wrestling,1,0.218008577,0.05
TAN,Athletics,1,0.361021913,0.05
TAN,Boxing,1,0.255635091,0.05
TAN,Swimming,1,0.368514632,0.05
TCH,Athletics,3.29790692,0.388089949,0.111908839
TCH,Basketball,1,0.05,0.05
TCH,Boxing,3.048911206,0.367905235,0.155200699
TCH,Canoeing,1,0.218008577,0.05
TCH,Cycling,2.463508004,0.363863955,0.118327359
TCH,Diving,5.643224813,0.738788246,0.131543001
TCH,Fencing,1,0.269488711,0.05
TCH,Gymnastics,1.030440594,0.32095744,0.052442883
TCH,Handball,1,0.05,0.076595242
TCH,Judo,1,0.218008577,0.05
TCH,Modern Pentathlon,3.936624867,0.197707215,0.161956395
TCH,Rowing,1.929788728,0.086533121,0.067142577
TCH,Sailing,1,0.368514632,0.05
TCH,Shooting,1.919438687,0.334735394,0.090240855
TCH,Swimming,1,0.218008577,0.05
TCH,Table Tennis,1,0.134004289,0.05
TCH,Volleyball,1,0.05,0.057885851
TCH,Weightlifting,1,0.218008577,0.05
TCH,Wrestling,5.263690906,0.900389298,0.160415184
TGA,Athletics,1,0.319726634,0.05
TGA,Swimming,1,0.218008577,0.05
THA,Archery,1,0.218008577,0.05
THA,Athletics,1,0.110003063,0.05
THA,Badminton,1.002396242,0.27761945,0.05
THA,Boxing,3.46037331,0.714025045,0.112687655
THA,Cycling,1,0.190007148,0.05
THA,Diving,1,0.218008577,0.05
THA,Fencing,10.54351418,0.05,0.274542872
THA,Football,1,0.05,0.05
THA,Golf,1,0.218008577,0.05
THA,Rowing,1,0.522271108,0.05
THA,Sailing,1,0.346006137,0.05
THA,Shooting,1,0.292712155,0.05
THA,Swimming,1,0.246033478,0.05
THA,Table Tennis,1.009584968,0.296407529,0.05
THA,Taekwondo,6.887077424,0.490150648,0.05
THA,Tennis,1,0.268867606,0.05
THA,Weightlifting,2.880011702,0.294825845,0.116165275
TJK,Athletics,1,1.797554105,0.05
TJK,Boxing,1,0.218008577,0.05
TJK,Judo,4.133352837,0.866690422,0.151849787
TJK,Shooting,1,0.319726634,0.05
TJK,Swimming,1,0.218008577,0.05
TJK,Wrestling,10.98309508,0.05,0.457007293
TKM,Athletics,1,0.368514632,0.05
TKM,Boxing,1,0.218008577,0.05
TKM,Judo,1,0.218008577,0.05
TKM,Shooting,1,0.319726634,0.05
TKM,Table Tennis,1,0.218008577,0.05
TKM,Weightlifting,1,0.407216357,0.05
TLS,Athletics,1,0.218008577,0.05
TLS,Swimming,1,0.218008577,0.05
TOG,Athletics,1,0.162005718,0.05
TOG,Canoeing,1,1.135500442,0.097711978
TOG,Judo,1,0.218008577,0.05
TOG,Swimming,1,0.218008577,0.05
TPE,Archery,3.04219391,0.38954587,0.123560412
TPE,Athletics,1.048763684,0.44494811,0.056884464
TPE,Badminton,1,0.268637491,0.05
TPE,Baseball,2.177222095,0.201207719,0.060849526
TPE,Boxing,1,0.218008577,0.05
TPE,Cycling,1,0.218008577,0.05
TPE,Diving,1,0.218008577,0.05
TPE,Golf,1,0.218008577,0.05
TPE,Gymnastics,1,0.369012442,0.05
TPE,Judo,2.66384918,0.21509149,0.117834549
TPE,Rowing,1,0.319726634,0.05
TPE,Sailing,1,0.268867606,0.05
TPE,Shooting,1,0.256036419,0.05
TPE,Softball,1,0.259055683,0.05
TPE,Swimming,1,0.226370025,0.05
TPE,Table Tennis,3.252144821,0.22678216,0.068523262
TPE,Taekwondo,8.445141627,0.106002859,0.195866296
TPE,Tennis,1,0.331246522,0.05
TPE,Weightlifting,1.995028182,0.564676086,0.067286955
TTO,Athletics,2.111167622,0.275861077,0.083323278
TTO,Cycling,1,0.24165955,0.05
TTO,Cycling Track,1,0.218008577,0.05
TTO,Sailing,1,0.354735212,0.05
TTO,Shooting,1,0.344120633,0.05
TTO,Swimming,1,0.475507491,0.05
TTO,Table Tennis,1,0.491461846,0.05
TTO,Weightlifting,7.266705673,0.106002859,0.253699575
TUN,Archery,1,0.218008577,0.05
TUN,Athletics,1.937629793,0.557661941,0.075477607
TUN,Boxing,2.880011702,0.184406862,0.111109872
TUN,Canoeing,1,0.218008577,0.05
TUN,Fencing,1.10749473,1.018114272,0.05
TUN,Gymnastics,1,0.368514632,0.05
TUN,Handball,1,0.05,0.05
TUN,Judo,1,0.232539728,0.05
TUN,Rowing,1,0.218008577,0.05
TUN,Sailing,1,0.218008577,0.05
TUN,Shooting,1,0.218008577,0.05
TUN,Swimming,3.562624737,0.811698235,0.215536271
TUN,Table Tennis,1,0.218008577,0.05
TUN,Taekwondo,7.049693225,0.134004289,0.080779993
TUN,Tennis,1,0.309159667,0.05
TUN,Volleyball,1,0.05,0.05
TUN,Weightlifting,1,0.218008577,0.05
TUN,Wrestling,1.128993676,0.617677597,0.05
TUR,Archery,1.640284752,0.250231149,0.07989322
TUR,Athletics,1.23247324,0.312569552,0.05420434
TUR,Basketball,1,0.05,0.05
TUR,Boxing,2.363359169,0.194007352,0.082077553
TUR,Equestrian,1,0.134004289,0.05
TUR,Football,1,0.05,0.05
TUR,Gymnastics,1.587503657,0.207508041,0.069096835
TUR,Judo,1.940005851,0.226430131,0.080554936
TUR,Modern Pentathlon,1,0.218008577,0.05
TUR,Sailing,1,0.274966105,0.05
TUR,Shooting,1,0.297948191,0.05
TUR,Swimming,1.001369281,0.262476253,0.05
TUR,Table Tennis,1,0.319726634,0.05
TUR,Taekwondo,10.15190789,0.833002196,0.267819479
TUR,Weightlifting,5.158917761,0.822765603,0.163056476
TUR,Wrestling,4.845295589,0.701882983,0.163265745
TUV,Athletics,1,0.218008577,0.05
UAE,Cycling,1,0.218008577,0.05
UAE,Judo,1,2.33206269,0.05
UAE,Shooting,1.887132037,1.065869927,0.102167511
UAE,Swimming,1,0.144504825,0.05
UAR,Equestrian,1,0.134004289,0.05
UAR,Football,1,0.05,0.05
UAR,Gymnastics,1,0.328700303,0.05
UAR,Water Polo,1,0.05,0.05
UAR,Weightlifting,1,0.368514632,0.05
UGA,Athletics,3.120928522,0.221556901,0.108779454
UGA,Badminton,1,0.218008577,0.05
UGA,Boxing,1,0.564699177,0.05
UGA,Rowing,1,0.218008577,0.05
UGA,Table Tennis,1,0.319726634,0.05
UKR,Archery,3.528938401,0.456365249,0.1321274
UKR,Athletics,1.510827365,0.495686693,0.068028523
UKR,Badminton,1,0.248271115,0.05
UKR,Basketball,1.421100426,0.05,0.141798513
UKR,Boxing,5.850727193,0.903867128,0.228139164
UKR,Canoeing,2.828629424,0.805803462,0.081989721
UKR,Cycling,1,0.355957503,0.05
UKR,Cycling Mountain Bike,1,0.218008577,0.05
UKR,Cycling Road,1,0.218008577,0.05
UKR,Diving,1.989479843,0.237049678,0.082163091
UKR,Equestrian,2.172674772,0.206281702,0.061277398
UKR,Fencing,1.92819562,0.430061195,0.076795941
UKR,Gymnastics,2.034125896,0.353863885,0.087993249
UKR,Judo,2.344376272,0.473562766,0.056839998
UKR,Modern Pentathlon,1.041685666,1.114215877,0.061927995
UKR,Rowing,2.369767956,0.192770326,0.117223576
UKR,Sailing,3.450129679,0.738704443,0.158294245
UKR,Shooting,1.986212388,0.567575048,0.077301427
UKR,Swimming,1.954842428,0.247384028,0.072244854
UKR,Synchronized Swimming,1,0.05,0.05
UKR,Table Tennis,1,0.323144053,0.05
UKR,Tennis,2.880011702,0.184406862,0.111109872
UKR,Triathlon,1,0.319726634,0.05
UKR,Weightlifting,1.033961573,1.508236477,0.069505981
UKR,Wrestling,4.115430823,0.557463872,0.143476559
URS,Archery,6.58706012,1.419968276,0.142236587
URS,Athletics,3.691664042,0.603761411,0.118130739
URS,Basketball,1,0.066441231,0.053020109
URS,Boxing,7.094441428,0.954481281,0.327891043
URS,Canoeing,9.699633581,0.846940599,0.195757312
URS,Cycling,2.493564879,0.875605788,0.103385703
URS,Diving,2.173760791,0.74426708,0.089487631
URS,Equestrian,1.993209856,0.944250894,0.089879049
URS,Fencing,3.484900652,0.696658226,0.09661233
URS,Football,1,0.05,0.05
URS,Gymnastics,3.045047876,0.75122617,0.106705683
URS,Handball,1,0.05988989,0.05
URS,Hockey,1,0.05,0.060973614
URS,Modern Pentathlon,5.684812136,1.759028888,0.118256472
URS,Rowing,3.273532483,0.236010271,0.138025513
URS,Sailing,2.298969502,0.817061011,0.108846947
URS,Shooting,6.364169193,0.264079674,0.202865726
URS,Swimming,2.521075502,0.566679234,0.100855478
URS,Volleyball,1.01411291,0.089687251,0.052100036
URS,Water Polo,1.118466435,0.079010259,0.06414556
URS,Weightlifting,5.418173055,1.446755427,0.099571195
URS,Wrestling,5.845213665,0.703377344,0.138844807
URU,Athletics,1,0.229310583,0.05
URU,Basketball,1,0.05,0.059897415
URU,Cycling,1,0.327020579,0.065239675
URU,Fencing,1,0.218008577,0.05
URU,Judo,1,0.218008577,0.05
URU,Rowing,2.521607194,0.117203431,0.107711519
URU,Sailing,1,0.218008577,0.05
URU,Swimming,1,0.218008577,0.05
USA,Archery,4.705498097,0.783715775,0.15274604
USA,Athletics,3.1928395,0.699789371,0.092750864
USA,Badminton,2.843052439,0.230039368,0.069093938
USA,Basketball,1,0.126677303,0.052249018
USA,Beach Volleyball,5.237194795,0.442154211,0.239250975
USA,Boxing,4.993891812,0.839907464,0.05
USA,Canoeing,2.501716203,0.386275038,0.091382608
USA,Cycling,1.296301998,0.425946603,0.058915471
USA,Cycling BMX Freestyle,4.32769836,1.062196056,0.185669098
USA,Cycling BMX Racing,1,0.218008577,0.05
USA,Cycling Mountain Bike,1,1.568294083,0.05
USA,Cycling Road,1,0.218008577,0.05
USA,Cycling Track,3.943538712,0.354079613,0.05
USA,Diving,3.33481923,0.981138289,0.090176747
USA,Equestrian,2.543939445,0.63697635,0.094206883
USA,Fencing,1.967859903,0.415387013,0.07681218
USA,Football,1,0.050208237,0.060198393
USA,Golf,7.82970402,0.106002859,0.36886101
USA,Gymnastics,1.542512592,0.392783718,0.067579259
USA,Handball,1,0.05,0.05
USA,Hockey,1,0.05,0.05
USA,Judo,1.855715861,0.528447362,0.075811495
USA,Modern Pentathlon,4.32152101,0.204444955,0.096413053
USA,Rowing,2.212585977,0.307801864,0.089581793
USA,Sailing,3.307010696,0.862626817,0.119451048
USA,Shooting,2.694422354,0.685984069,0.104360929
USA,Skateboarding,1,1.039120934,0.05
USA,Softball,11.2625422,0.44754306,0.078106436
USA,Surfing,4.42143707,1.188489504,0.209430505
USA,Swimming,4.195107377,0.607227036,0.122783863
USA,Synchronized Swimming,2.978883255,0.427031309,0.08137221
USA,Table Tennis,2.182803831,0.191944992,0.07887768
USA,Taekwondo,11.4672553,0.05,0.306533348
USA,Tennis,4.583304564,0.826921274,0.138093444
USA,Triathlon,1.00329253,0.7627851,0.05
USA,Volleyball,1.014036681,0.051181682,0.061273145
USA,Water Polo,1,0.06259565,0.060067311
USA,Weightlifting,4.210092904,0.393500137,0.1019841
USA,Wrestling,3.986761694,0.752350917,0.119975167
UZB,Athletics,1.539030557,0.240330748,0.060045252
UZB,Boxing,2.880011702,0.184406862,0.111109872
UZB,Canoeing,1,0.268177262,0.05
UZB,Cycling,1,0.344120633,0.05
UZB,Cycling Road,1,0.218008577,0.05
UZB,Fencing,1,0.218008577,0.05
UZB,Gymnastics,1.972310334,0.496139611,0.064141547
UZB,Judo,1.877194349,0.571328601,0.076924753
UZB,Modern Pentathlon,1,0.218008577,0.05
UZB,Shooting,1,0.293261605,0.05
UZB,Swimming,1,0.190682248,0.05
UZB,Taekwondo,2.471769356,0.961186848,0.05
UZB,Tennis,1,0.218008577,0.05
UZB,Weightlifting,1.00658506,1.278398382,0.05
UZB,Wrestling,4.058703495,1.064592518,0.118501392
VAN,Athletics,1,0.268867606,0.05
VAN,Judo,1,0.218008577,0.05
VAN,Table Tennis,1,0.218008577,0.05
VEN,Archery,1,0.268867606,0.05
VEN,Athletics,1,0.172515056,0.05
VEN,Boxing,5.840778842,0.134004289,0.23156504
VEN,Cycling,1,0.376726452,0.05
VEN,Diving,1,0.251914596,0.05
VEN,Equestrian,1,0.368514632,0.05
VEN,Fencing,1.202510862,0.381101895,0.062038656
VEN,Gymnastics,1,0.319726634,0.05
VEN,Judo,1,0.246033478,0.05
VEN,Sailing,1,0.218008577,0.05
VEN,Shooting,2.566676418,0.283838467,0.100924894
VEN,Swimming,1,0.3211107,0.05
VEN,Synchronized Swimming,1,0.218008577,0.05
VEN,Table Tennis,1.009584968,0.184401811,0.05
VEN,Taekwondo,1,1.733781566,0.073855989
VEN,Tennis,1,0.218008577,0.05
VEN,Triathlon,1,0.218008577,0.05
VEN,Weightlifting,1,0.327055064,0.05
VEN,Wrestling,1,0.243438091,0.05
VIE,Archery,1,0.218008577,0.05
VIE,Athletics,1,0.218008577,0.05
VIE,Badminton,1,0.268867606,0.05
VIE,Gymnastics,1,0.218008577,0.05
VIE,Judo,1,0.218008577,0.05
VIE,Shooting,1.004938795,1.66301417,0.05
VIE,Swimming,1,0.218008577,0.05
VIE,Table Tennis,1,0.218008577,0.05
VIE,Taekwondo,1,0.218008577,0.05
VIE,Weightlifting,1,0.218008577,0.05
VIN,Athletics,1,0.184537277,0.05
VNM,Fencing,1,0.218008577,0.05
VNM,Shooting,1,0.218008577,0.05
VNM,Swimming,1,0.218008577,0.05
WIF,Athletics,2.851816671,0.899605543,0.05
YEM,Judo,1,0.218008577,0.05
YUG,Athletics,1.434047612,0.245142981,0.067695969
YUG,Basketball,1,0.054407608,0.059483061
YUG,Boxing,5.700029255,0.134004289,0.202774681
YUG,Canoeing,3.858949007,1.065623112,0.195416092
YUG,Cycling,1,0.218008577,0.05
YUG,Football,1,0.05,0.065294923
YUG,Gymnastics,1.000112744,0.297701954,0.050932432
YUG,Handball,1,0.055149561,0.090114419
YUG,Judo,1,0.585005323,0.069084791
YUG,Rowing,5.718504477,0.372911365,0.13901104
YUG,Sailing,1,0.281064605,0.05
YUG,Shooting,1,0.260045929,0.05
YUG,Swimming,1,0.268867606,0.05
YUG,Water Polo,1.177860721,0.060619297,0.070341948
YUG,Wrestling,4.980146118,0.744783164,0.124633822
ZAM,Athletics,1,0.45228812,0.053028071
ZAM,Boxing,1,0.268177262,0.05
ZAM,Swimming,1,0.218008577,0.05
ZIM,Athletics,1,0.197007505,0.05
ZIM,Boxing,1,0.218008577,0.05
ZIM,Diving,1,0.251914596,0.05
ZIM,Judo,1,0.218008577,0.05
ZIM,Rowing,1,0.218008577,0.05
ZIM,Sailing,1,0.218008577,0.05
ZIM,Shooting,1,0.491461846,0.05
ZIM,Swimming,6.000343893,2.292988891,0.228124551
ZIM,Tennis,1,0.268867606,0.05
ZIM,Triathlon,1,0.218008577,0.05